teryt,municipality,%_vaccinated
1405021,Podkowa Leśna,69.4817
3024083,gm.m-w. Wronki,68.8696
3208072,gm.w Ustronie Morskie,68.0951
1421062,gm.w Raszyn,67.8713
1465011,M. St. Warszawa,67.7337
3064011,Poznań,67.0659
0264011,Wrocław,65.3355
1421042,gm.w Michałowice,65.1925
1418023,gm.m-w. Konstancin-Jeziorna,64.4815
1261011,Kraków,64.2304
1418043,gm.m-w. Piaseczno,64.0454
1418032,gm.w Lesznowola,63.8694
2261011,Gdańsk,63.5745
3011011,Kościan,63.5731
3021021,Puszczykowo,63.5509
3021152,gm.w Suchy Las,63.1104
1432053,gm.m-w. Łomianki,63.0031
0411011,Radziejów,62.9751
1421011,Piastów,62.8308
3021011,Luboń,62.4707
2210011,Krynica Morska,62.093
3024011,Obrzycko,61.9706
3021172,gm.w Tarnowo Podgórne,61.8618
1421021,Pruszków,61.8367
1432013,gm.m-w. Błonie,61.7723
3002011,Czarnków,61.2003
2262011,Gdynia,61.1694
3021143,gm.m-w. Stęszew,61.1438
1432022,gm.w Izabelin,60.9564
2264011,Sopot,60.9534
3021163,gm.m-w. Swarzędz,60.9508
1421033,gm.m-w. Brwinów,60.913
1408011,Legionowo,60.8829
3021042,gm.w Czerwonak,60.7559
0223052,gm.w Kobierzyce,60.7204
1421052,gm.w Nadarzyn,60.719
3205072,gm.w Rewal,60.54
1206172,gm.w Zielonki,60.3377
3021132,gm.w Rokietnica,60.1676
2401042,gm.w Bobrowniki,60.1551
2469011,Katowice,59.8858
3021052,gm.w Dopiewo,59.8711
1206082,gm.w Michałowice,59.758
3021123,gm.m-w. Pobiedziska,59.6851
3024073,gm.m-w. Szamotuły,59.6297
1061011,Łódź,59.486
0403062,gm.w Osielsko,59.3862
1432063,gm.m-w. Ożarów Mazowiecki,59.3438
1432072,gm.w Stare Babice,59.3369
1408022,gm.w Jabłonna,59.2108
1417011,Józefów,59.1052
1002011,Kutno,59.081
3021072,gm.w Komorniki,59.0074
1417043,gm.m-w. Karczew,58.9831
2401062,gm.w Psary,58.942
3001011,Chodzież,58.9391
1408032,gm.w Nieporęt,58.9246
1405011,Milanówek,58.9149
3021033,gm.m-w. Buk,58.9048
2401031,Wojkowice,58.8262
0401021,Ciechocinek,58.7906
1412151,Sulejówek,58.784
1432042,gm.w Leszno,58.7801
1434041,Zielonka,58.7785
1206152,gm.w Wielka Wieś,58.7677
2204011,Pruszcz Gdański,58.7118
1414011,Nowy Dwór Mazowiecki,58.6177
1213082,gm.w Przeciszów,58.614
3207013,gm.m-w. Dziwnów,58.5174
3021083,gm.m-w. Kostrzyn,58.3404
1020011,Głowno,58.2766
3023011,Słupca,58.2203
3025043,gm.m-w. Środa Wielkopolska,58.201
1004011,Łęczyca,58.1967
0461011,Bydgoszcz,58.1378
2212011,Ustka,58.0762
3021113,gm.m-w. Murowana Goślina,58.0746
0463011,Toruń,58.0672
3021103,gm.m-w. Mosina,57.9649
2208021,Łeba,57.9497
3024053,gm.m-w. Ostroróg,57.8382
1206103,gm.m-w. Skała,57.8035
3211012,gm.w Dobra (Szczecińska),57.775
2475011,Sosnowiec,57.7642
3021093,gm.m-w. Kórnik,57.6305
1005011,Łowicz,57.6104
1206162,gm.w Zabierzów,57.5282
3014012,gm.w Chrzypsko Wielkie,57.4713
0223022,gm.w Długołęka,57.4664
3262011,Szczecin,57.4659
0862011,Zielona Góra,57.4617
1020031,Zgierz,57.4282
3024032,gm.w Kaźmierz,57.3982
0223083,gm.m-w. Siechnice,57.3026
1208042,gm.w Książ Wielki,57.1769
2211031,Puck,57.1595
2204032,gm.w Kolbudy,57.1098
0411022,gm.w Bytoń,57.08
2401021,Czeladź,57.0637
1206092,gm.w Mogilany,57.0547
3014043,gm.m-w. Sieraków,57.042
1418052,gm.w Prażmów,56.992
2408021,Mikołów,56.9763
0206011,Karpacz,56.92
1418013,gm.m-w. Góra Kalwaria,56.8999
0407011,Inowrocław,56.8714
2416011,Poręba,56.8609
1417021,Otwock,56.8473
1412011,Mińsk Mazowiecki,56.8384
1063011,Skierniewice,56.8041
1213011,Oświęcim,56.7276
2211043,gm.m-w. Władysławowo,56.6468
2465011,Dąbrowa Górnicza,56.6082
2609093,gm.m-w. Zawichost,56.5619
1408043,gm.m-w. Serock,56.5449
0221031,Szczawno-Zdrój,56.5414
1414052,gm.w Pomiechówek,56.4825
1434031,Ząbki,56.4546
2401011,Będzin,56.4312
1215021,Sucha Beskidzka,56.391
1462011,Płock,56.3314
1661011,Opole,56.2622
0418011,Kowal,56.2572
0412011,Rypin,56.2473
3208011,Kołobrzeg,56.2427
0811011,Łęknica,56.177
0401011,Aleksandrów Kujawski,56.1702
2405032,gm.w Gierałtowice,56.1378
2477011,Tychy,56.0861
2862011,Olsztyn,56.0745
2401073,gm.m-w. Siewierz,56.0668
3003011,Gniezno,56.0619
1213072,gm.w Polanka Wielka,56.0445
0403012,gm.w Białe Błota,56.0372
0403083,gm.m-w. Solec Kujawski,55.9933
2402022,gm.w Bestwina,55.9916
2803011,Działdowo,55.9754
3030033,gm.m-w. Nekla,55.9669
3005012,gm.w Granowo,55.9662
1405043,gm.m-w. Grodzisk Mazowiecki,55.8921
2211052,gm.w Kosakowo,55.8865
2602023,gm.m-w. Jędrzejów,55.8831
0223043,gm.m-w. Kąty Wrocławskie,55.8159
0223012,gm.w Czernica,55.7943
2466011,Gliwice,55.7795
2401052,gm.w Mierzęcice,55.7654
2203011,Człuchów,55.746
0407063,gm.m-w. Kruszwica,55.6859
1213062,gm.w Oświęcim,55.6552
3016013,gm.m-w. Oborniki,55.6501
1005092,gm.w Nieborów,55.6375
2461011,Bielsko-Biała,55.601
3011023,gm.m-w. Czempiń,55.598
1203033,gm.m-w. Chrzanów,55.5968
2413072,gm.w Świerklaniec,55.5538
0402011,Brodnica,55.5137
3021062,gm.w Kleszczewo,55.464
0223092,gm.w Żórawina,55.4445
2474011,Siemianowice Śląskie,55.4429
3207043,gm.m-w. Międzyzdroje,55.4236
1206113,gm.m-w. Skawina,55.4182
2209011,Malbork,55.4132
0809072,gm.w Świdnica,55.3927
2263011,Słupsk,55.3653
0805053,gm.m-w. Słubice,55.3586
1008011,Konstantynów Łódzki,55.2877
3004063,gm.m-w. Pogorzela,55.2476
1418063,gm.m-w. Tarczyn,55.2355
2801011,Bartoszyce,55.2167
3213011,Darłowo,55.1938
2661011,Kielce,55.1788
0807043,gm.m-w. Sulęcin,55.1781
1212053,gm.m-w. Olkusz,55.1736
3062011,Konin,55.1428
2807011,Iława,55.1286
3263011,Świnoujście,55.1065
1014011,Sieradz,55.0882
0208051,Polanica-Zdrój,55.0739
1206032,gm.w Iwanowice,55.0733
3202012,gm.w Bierzwnik,55.0364
0214011,Oleśnica,55.0123
3028011,Wągrowiec,54.9615
2413031,Radzionków,54.9607
2204042,gm.w Pruszcz Gdański,54.9497
0611021,Stoczek Łukowski,54.9194
2215021,Rumia,54.9156
0215011,Oława,54.9128
2413062,gm.w Ożarowice,54.9087
3019011,Piła,54.9051
1428082,gm.w Teresin,54.8778
2416021,Zawiercie,54.8529
3027011,Turek,54.8429
1206052,gm.w Kocmyrzów-Luborzyca,54.8315
1008052,gm.w Ksawerów,54.8231
3030053,gm.m-w. Września,54.7833
3022053,gm.m-w. Rawicz,54.7279
2413041,Tarnowskie Góry,54.7105
2464011,Częstochowa,54.7083
1212042,gm.w Klucze,54.6985
1008021,Pabianice,54.6751
2471011,Piekary Śląskie,54.6214
2809011,Lidzbark Warmiński,54.613
1406053,gm.m-w. Grójec,54.5939
2214011,Tczew,54.5684
1402011,Ciechanów,54.5678
3063011,Leszno,54.5645
3023042,gm.w Ostrowite,54.5509
0404011,Chełmno,54.5275
1419122,gm.w Słupno,54.5209
1213033,gm.m-w. Chełmek,54.5143
3006023,gm.m-w. Jarocin,54.5032
1417072,gm.w Sobienie-Jeziory,54.4997
3209053,gm.m-w. Mielno,54.497
1428011,Sochaczew,54.4956
0401062,gm.w Koneck,54.4956
2405011,Knurów,54.4933
0219011,Świdnica,54.4805
0220013,gm.m-w. Oborniki Śląskie,54.4782
2472011,Ruda Śląska,54.4754
1408052,gm.w Wieliszew,54.4509
3202023,gm.m-w. Choszczno,54.415
2404042,gm.w Kamienica Polska,54.407
0810021,Żagań,54.3598
2414021,Imielin,54.3532
2402043,gm.m-w. Czechowice-Dziedzice,54.3196
2609011,Sandomierz,54.3027
0417011,Wąbrzeźno,54.2985
0861011,Gorzów Wielkopolski,54.2806
3015043,gm.m-w. Nowy Tomyśl,54.273
1208072,gm.w Słaboszów,54.2013
3261011,Koszalin,54.1959
2404162,gm.w Starcza,54.1886
2602063,gm.m-w. Sędziszów,54.1775
2401081,Sławków,54.1745
0261011,Jelenia Góra,54.1533
1208053,gm.m-w. Miechów,54.15
3025052,gm.w Zaniemyśl,54.1451
2602093,gm.m-w. Wodzisław,54.1419
0805043,gm.m-w. Rzepin,54.1331
1434021,Marki,54.1286
1219053,gm.m-w. Wieliczka,54.0999
0803023,gm.m-w. Międzyrzecz,54.0617
1213093,gm.m-w. Zator,54.057
1420011,Płońsk,54.0549
1017093,gm.m-w. Wieluń,54.0482
0220042,gm.w Wisznia Mała,54.0474
1417082,gm.w Wiązowna,54.036
3030023,gm.m-w. Miłosław,54.0319
3019073,gm.m-w. Ujście,54.0146
0614011,Puławy,54.004
2402072,gm.w Kozy,53.9989
0806043,gm.m-w. Strzelce Krajeńskie,53.9889
3015053,gm.m-w. Opalenica,53.983
0802063,gm.m-w. Krosno Odrzańskie,53.9826
1062011,Piotrków Trybunalski,53.928
1206042,gm.w Jerzmanowice-Przeginia,53.9206
2402062,gm.w Jaworze,53.8896
3022033,gm.m-w. Miejska Górka,53.8828
1432032,gm.w Kampinos,53.8638
0404032,gm.w Kijewo Królewskie,53.8598
2403011,Cieszyn,53.8242
1417032,gm.w Celestynów,53.8159
3008033,gm.m-w. Kępno,53.801
1021052,gm.w Rogów,53.7801
3206063,gm.m-w. Moryń,53.77
3017011,Ostrów Wielkopolski,53.7409
2812011,Nowe Miasto Lubawskie,53.7305
3008012,gm.w Baranów,53.7282
2801021,Górowo Iławeckie,53.7175
0411053,gm.m-w. Piotrków Kujawski,53.7097
0663011,Lublin,53.7081
3208042,gm.w Kołobrzeg,53.6757
1412073,gm.m-w. Halinów,53.6562
1213023,gm.m-w. Brzeszcze,53.6559
1004082,gm.w Witonia,53.577
3208022,gm.w Dygowo,53.5746
0203011,Głogów,53.5723
3206043,gm.m-w. Gryfino,53.5604
1401013,gm.m-w. Białobrzegi,53.5561
2470011,Mysłowice,53.5294
3214011,Stargard,53.4944
0462011,Grudziądz,53.4704
3214053,gm.m-w. Ińsko,53.4358
0413023,gm.m-w. Sępólno Krajeńskie,53.4103
3029033,gm.m-w. Wolsztyn,53.4063
2211011,Hel,53.3935
1005102,gm.w Zduny,53.385
1206022,gm.w Igołomia-Wawrzeńczyce,53.3773
2404072,gm.w Konopiska,53.3277
2803052,gm.w Płośnica,53.3213
1206063,gm.m-w. Krzeszowice,53.3111
2417011,Żywiec,53.2913
2416042,gm.w Kroczyce,53.2778
2416092,gm.w Włodowice,53.2577
3217011,Wałcz,53.2566
0808012,gm.w Lubrza,53.2482
0401092,gm.w Zakrzewo,53.2471
0415082,gm.w Wielka Nieszawka,53.2399
1403021,Łaskarzew,53.2335
1422011,Przasnysz,53.2278
0811021,Żary,53.2252
1437063,gm.m-w. Żuromin,53.2243
0220033,gm.m-w. Trzebnica,53.224
2861011,Elbląg,53.2231
3206023,gm.m-w. Cedynia,53.215
1208032,gm.w Kozłów,53.2148
1414022,gm.w Czosnów,53.2043
3005023,gm.m-w. Grodzisk Wielkopolski,53.1923
0207011,Kamienna Góra,53.1773
0809092,gm.w Zabór,53.164
0210011,Lubań,53.1535
1203013,gm.m-w. Alwernia,53.1385
3002083,gm.m-w. Wieleń,53.1222
0809033,gm.m-w. Czerwieńsk,53.1023
0415092,gm.w Zławieś Wielka,53.0971
3003042,gm.w Kiszkowo,53.0896
1215011,Jordanów,53.0474
2203023,gm.m-w. Czarne,53.045
0616011,Dęblin,53.0371
3001023,gm.m-w. Budzyń,53.0257
2416063,gm.m-w. Ogrodzieniec,53.0162
3003062,gm.w Łubowo,53.0149
3014033,gm.m-w. Międzychód,53.0122
2402102,gm.w Wilkowice,53.0115
0801011,Kostrzyn nad Odrą,53.0106
0808053,gm.m-w. Świebodzin,53.008
3214033,gm.m-w. Dobrzany,53.0029
2817011,Szczytno,52.9786
3003103,gm.m-w. Witkowo,52.9751
2806011,Giżycko,52.9727
3030043,gm.m-w. Pyzdry,52.9652
1405062,gm.w Żabia Wola,52.9482
0215033,gm.m-w. Jelcz-Laskowice,52.9447
0415042,gm.w Lubicz,52.9305
1414063,gm.m-w. Zakroczym,52.9235
1420021,Raciąż,52.8929
3001043,gm.m-w. Margonin,52.8828
0415062,gm.w Łysomice,52.8628
1434011,Kobyłka,52.8371
0405022,gm.w Ciechocin,52.8354
0801042,gm.w Kłodawa,52.8338
1020092,gm.w Zgierz,52.8334
0804011,Nowa Sól,52.8292
0809063,gm.m-w. Sulechów,52.8184
3020063,gm.m-w. Pleszew,52.8146
3216042,gm.w Rąbino,52.8135
3019032,gm.w Kaczory,52.7972
1212011,Bukowno,52.7967
0405011,Golub-Dobrzyń,52.7876
1006082,gm.w Nowosolna,52.7815
0403043,gm.m-w. Koronowo,52.7728
2410012,gm.w Goczałkowice-Zdrój,52.7691
2819033,gm.m-w. Węgorzewo,52.7641
2408011,Łaziska Górne,52.7519
1201011,Bochnia,52.7374
2408052,gm.w Wyry,52.7326
2206011,Kościerzyna,52.7126
0221063,gm.m-w. Mieroszów,52.6875
2463011,Chorzów,52.6852
1020083,gm.m-w. Stryków,52.6851
2404013,gm.m-w. Blachownia,52.6849
2814112,gm.w Stawiguda,52.6776
0616052,gm.w Stężyca,52.6738
0415011,Chełmża,52.6668
2802011,Braniewo,52.6393
1006022,gm.w Andrespol,52.6176
0418123,gm.m-w. Lubraniec,52.5971
3015032,gm.w Miedzichowo,52.5823
1012011,Radomsko,52.5809
0226021,Złotoryja,52.5568
0411032,gm.w Dobre,52.5491
1203053,gm.m-w. Trzebinia,52.5407
0803053,gm.m-w. Skwierzyna,52.536
3211022,gm.w Kołbaskowo,52.525
2608043,gm.m-w. Pińczów,52.5148
2210052,gm.w Sztutowo,52.5124
1006073,gm.m-w. Koluszki,52.4836
1011033,gm.m-w. Poddębice,52.4819
2409042,gm.w Poraj,52.4764
1208012,gm.w Charsznica,52.4603
3023052,gm.w Powidz,52.4569
0411062,gm.w Radziejów,52.4541
0407022,gm.w Dąbrowa Biskupia,52.4342
3024022,gm.w Duszniki,52.424
2410053,gm.m-w. Pszczyna,52.4147
2602042,gm.w Nagłowice,52.4142
2605012,gm.w Fałków,52.403
3202042,gm.w Krzęcin,52.402
2204062,gm.w Pszczółki,52.3925
2602052,gm.w Oksa,52.3715
3026043,gm.m-w. Śrem,52.3702
1018073,gm.m-w. Wieruszów,52.3618
3005032,gm.w Kamieniec,52.3486
1203043,gm.m-w. Libiąż,52.322
2416032,gm.w Irządze,52.3071
2215011,Reda,52.3009
3215011,Szczecinek,52.2912
1219043,gm.m-w. Niepołomice,52.2741
3010032,gm.w Kazimierz Biskupi,52.253
0811092,gm.w Tuplice,52.2502
3214023,gm.m-w. Chociwel,52.2414
2804093,gm.m-w. Tolkmicko,52.2212
3061011,Kalisz,52.2178
0207033,gm.m-w. Lubawka,52.2167
0217043,gm.m-w. Strzelin,52.2156
3204023,gm.m-w. Goleniów,52.2151
0806013,gm.m-w. Dobiegniew,52.2129
2814042,gm.w Dywity,52.2079
1203022,gm.w Babice,52.2017
2610011,Skarżysko-Kamienna,52.1871
2406013,gm.m-w. Kłobuck,52.1793
3014022,gm.w Kwilcz,52.1719
0407053,gm.m-w. Janikowo,52.1719
3024063,gm.m-w. Pniewy,52.1712
3015023,gm.m-w. Lwówek,52.157
2202011,Chojnice,52.1553
3003053,gm.m-w. Kłecko,52.1464
0408011,Lipno,52.1179
3005043,gm.m-w. Rakoniewice,52.1037
3011032,gm.w Kościan,52.0982
2417022,gm.w Czernichów,52.0937
0209052,gm.w Legnickie Pole,52.089
1416092,gm.w Szulborze Wielkie,52.0859
0419052,gm.w Rogowo,52.0729
1404011,Gostynin,52.0676
3207033,gm.m-w. Kamień Pomorski,52.0644
1821022,gm.w Cisna,52.061
3026012,gm.w Brodnica,52.0604
0211011,Lubin,52.0541
1005062,gm.w Kocierzew Południowy,52.0459
3010043,gm.m-w. Kleczew,52.0388
1020043,gm.m-w. Aleksandrów Łódzki,52.0269
1602022,gm.w Branice,52.0195
2405042,gm.w Pilchowice,52.0185
2610053,gm.m-w. Suchedniów,52.0028
3009011,Koło,52.0026
0409022,gm.w Jeziora Wielkie,51.9967
0210021,Świeradów-Zdrój,51.99
2602012,gm.w Imielno,51.9879
2468011,Jaworzno,51.9874
3025012,gm.w Dominowo,51.9497
1413011,Mława,51.9451
1438011,Żyrardów,51.9393
2402082,gm.w Porąbka,51.935
0411042,gm.w Osięciny,51.9325
2211023,gm.m-w. Jastarnia,51.9029
0808032,gm.w Skąpe,51.8987
1434123,gm.m-w. Wołomin,51.8946
0401072,gm.w Raciążek,51.8935
3217033,gm.m-w. Mirosławiec,51.8871
1403011,Garwolin,51.8749
0414082,gm.w Pruszcz,51.8728
0410033,gm.m-w. Nakło nad Notecią,51.8699
1427011,Sierpc,51.8496
2808011,Kętrzyn,51.8404
1429011,Sokołów Podlaski,51.8337
0810011,Gozdnica,51.8307
1013011,Rawa Mazowiecka,51.8176
1423063,gm.m-w. Przysucha,51.817
1206072,gm.w Liszki,51.8148
1212073,gm.m-w. Wolbrom,51.813
1016011,Tomaszów Mazowiecki,51.8064
0265011,Wałbrzych,51.7927
3016023,gm.m-w. Rogoźno,51.7799
0225021,Zgorzelec,51.7612
0407073,gm.m-w. Pakość,51.7583
2605033,gm.m-w. Końskie,51.7514
1206143,gm.m-w. Świątniki Górne,51.7472
2205083,gm.m-w. Żukowo,51.7468
2414011,Bieruń,51.7316
0407092,gm.w Złotniki Kujawskie,51.7275
3010013,gm.m-w. Golina,51.7099
2608013,gm.m-w. Działoszyce,51.6956
1607053,gm.m-w. Nysa,51.6872
2402093,gm.m-w. Wilamowice,51.6522
0402102,gm.w Zbiczno,51.652
1411011,Maków Mazowiecki,51.6449
0213033,gm.m-w. Milicz,51.6341
2215031,Wejherowo,51.6324
3216011,Świdwin,51.6234
0414093,gm.m-w. Świecie,51.6144
1412042,gm.w Cegłów,51.614
2209062,gm.w Miłoradz,51.6013
0810043,gm.m-w. Iłowa,51.601
1437022,gm.w Kuczbork-Osada,51.5881
1208022,gm.w Gołcza,51.5744
0221042,gm.w Czarny Bór,51.5567
0619011,Włodawa,51.537
1411082,gm.w Rzewnie,51.5245
3211043,gm.m-w. Police,51.5213
2416053,gm.m-w. Łazy,51.5046
2815011,Ostróda,51.5039
3203052,gm.w Wierzchowo,51.479
2416083,gm.m-w. Szczekociny,51.4725
3213021,Sławno,51.4526
0217012,gm.w Borów,51.4318
3205023,gm.m-w. Gryfice,51.4272
1417052,gm.w Kołbiel,51.4268
2807021,Lubawa,51.4266
1219032,gm.w Kłaj,51.4212
0403032,gm.w Dobrcz,51.3966
2601013,gm.m-w. Busko-Zdrój,51.3732
0803063,gm.m-w. Trzciel,51.359
3204052,gm.w Osina,51.3558
0802022,gm.w Bobrowice,51.3445
0407042,gm.w Inowrocław,51.3297
3023072,gm.w Strzałkowo,51.3132
1006103,gm.m-w. Rzgów,51.3123
0803032,gm.w Przytoczna,51.2945
2414031,Lędziny,51.288
2410022,gm.w Kobiór,51.2774
1017032,gm.w Konopnica,51.237
1403072,gm.w Maciejowice,51.2298
0808063,gm.m-w. Zbąszynek,51.2269
1419092,gm.w Nowy Duninów,51.2189
0208021,Kłodzko,51.2168
0404072,gm.w Unisław,51.209
3214062,gm.w Kobylanka,51.2062
0802011,Gubin,51.204
1214053,gm.m-w. Proszowice,51.1835
3016032,gm.w Ryczywół,51.1702
2408042,gm.w Ornontowice,51.1248
0809053,gm.m-w. Nowogród Bobrzański,51.1246
0403052,gm.w Nowa Wieś Wielka,51.1204
2214052,gm.w Subkowy,51.1184
2603022,gm.w Czarnocin,51.1147
3023022,gm.w Lądek,51.113
3202033,gm.m-w. Drawno,51.1116
0803012,gm.w Bledzew,51.1096
1213043,gm.m-w. Kęty,51.1091
2611011,Starachowice,51.0979
1420082,gm.w Nowe Miasto,51.0825
2404132,gm.w Poczesna,51.0798
3025022,gm.w Krzykosy,51.068
2216042,gm.w Stary Targ,51.0638
0419013,gm.m-w. Barcin,51.0462
3022013,gm.m-w. Bojanowo,51.0448
2213082,gm.w Osiek,51.0324
3030012,gm.w Kołaczkowo,51.0187
0410053,gm.m-w. Szubin,51.0174
1419022,gm.w Bodzanów,50.9936
3212012,gm.w Bielice,50.9866
1206123,gm.m-w. Słomniki,50.9478
1206012,gm.w Czernichów,50.9249
0407033,gm.m-w. Gniewkowo,50.9116
2807073,gm.m-w. Zalewo,50.9031
2608052,gm.w Złota,50.9017
1433011,Węgrów,50.8995
1422052,gm.w Krasne,50.8989
1214042,gm.w Pałecznica,50.8969
2216053,gm.m-w. Sztum,50.891
0419063,gm.m-w. Żnin,50.8883
1406012,gm.w Belsk Duży,50.8851
3203023,gm.m-w. Drawsko Pomorskie,50.8819
3010022,gm.w Grodziec,50.8673
2403021,Ustroń,50.8537
1864011,Tarnobrzeg,50.8283
0262011,Legnica,50.8188
0464011,Włocławek,50.8019
0418022,gm.w Baruchowo,50.7778
2409011,Myszków,50.7629
0403072,gm.w Sicienko,50.7613
1213052,gm.w Osiek,50.7436
0809013,gm.m-w. Babimost,50.7366
0407082,gm.w Rojewo,50.7305
2814072,gm.w Jonkowo,50.7272
3207063,gm.m-w. Wolin,50.716
0226052,gm.w Zagrodno,50.6723
1002052,gm.w Krzyżanów,50.6663
2804082,gm.w Rychliki,50.6574
2417082,gm.w Łodygowice,50.6456
1004022,gm.w Daszyna,50.6402
1008062,gm.w Lutomiersk,50.6181
0418032,gm.w Boniewo,50.5977
1208062,gm.w Racławice,50.5835
0408032,gm.w Chrostkowo,50.5787
1215072,gm.w Stryszawa,50.5786
3002052,gm.w Lubasz,50.5595
3031011,Złotów,50.5559
3204043,gm.m-w. Nowogard,50.5405
3002073,gm.m-w. Trzcianka,50.5325
3013043,gm.m-w. Rydzyna,50.5287
2208011,Lębork,50.48
3028033,gm.m-w. Gołańcz,50.4704
3012033,gm.m-w. Koźmin Wielkopolski,50.4642
3011053,gm.m-w. Śmigiel,50.4374
1218093,gm.m-w. Wadowice,50.435
0601021,Terespol,50.4306
3025032,gm.w Nowe Miasto nad Wartą,50.423
3205083,gm.m-w. Trzebiatów,50.4033
2414052,gm.w Chełm Śląski,50.3983
0406062,gm.w Świecie nad Osą,50.3975
3023083,gm.m-w. Zagórów,50.3942
0401052,gm.w Bądkowo,50.3941
0207022,gm.w Kamienna Góra,50.3612
2804073,gm.m-w. Pasłęk,50.3359
1437042,gm.w Lutocin,50.3217
0416063,gm.m-w. Tuchola,50.2804
2613063,gm.m-w. Włoszczowa,50.2718
2403122,gm.w Zebrzydowice,50.2496
3211033,gm.m-w. Nowe Warpno,50.2463
0218032,gm.w Miękinia,50.2413
1419132,gm.w Stara Biała,50.2371
2819012,gm.w Budry,50.2174
1011043,gm.m-w. Uniejów,50.2156
2417062,gm.w Lipowa,50.2024
1406032,gm.w Chynów,50.1979
1406113,gm.m-w. Warka,50.1956
2403052,gm.w Chybie,50.1831
2608032,gm.w Michałów,50.1771
0402062,gm.w Bartniczka,50.1699
1611053,gm.m-w. Strzelce Opolskie,50.1668
0419022,gm.w Gąsawa,50.163
2815022,gm.w Dąbrówno,50.1535
3206072,gm.w Stare Czarnowo,50.1449
0201011,Bolesławiec,50.1403
1212032,gm.w Bolesław,50.1229
3208033,gm.m-w. Gościno,50.1071
1212062,gm.w Trzyciąż,50.0781
2612073,gm.m-w. Staszów,50.0746
3001053,gm.m-w. Szamocin,50.0599
2608022,gm.w Kije,50.0463
2404152,gm.w Rędziny,50.0406
0209042,gm.w Kunice,50.0209
3218023,gm.m-w. Łobez,50.0181
3028062,gm.w Wapno,50.0171
0809082,gm.w Trzebiechów,50.015
3006043,gm.m-w. Żerków,50.0049
3020033,gm.m-w. Dobrzyca,49.9938
0218043,gm.m-w. Środa Śląska,49.9925
1006113,gm.m-w. Tuszyn,49.988
0223062,gm.w Mietków,49.9866
1424043,gm.m-w. Pułtusk,49.9817
3215043,gm.m-w. Borne Sulinowo,49.9797
1002102,gm.w Strzelce,49.9743
0415052,gm.w Łubianka,49.9731
2414042,gm.w Bojszowy,49.9689
2613032,gm.w Moskorzew,49.9618
3010142,gm.w Wilczyn,49.9353
0418092,gm.w Kowal,49.9102
3209022,gm.w Biesiekierz,49.9097
0609082,gm.w Konopnica,49.9054
1004063,gm.m-w. Piątek,49.8982
0604011,Hrubieszów,49.8955
1424022,gm.w Obryte,49.8745
1002113,gm.m-w. Żychlin,49.871
0210072,gm.w Siekierczyn,49.845
2803043,gm.m-w. Lidzbark,49.8384
1463011,Radom,49.829
0614052,gm.w Końskowola,49.8222
1206132,gm.w Sułoszowa,49.8192
3206053,gm.m-w. Mieszkowice,49.8006
2213021,Skórcz,49.7641
2462011,Bytom,49.6995
2602072,gm.w Słupia,49.6727
0226011,Wojcieszów,49.6641
0221021,Jedlina-Zdrój,49.6555
0224013,gm.m-w. Bardo,49.6545
3028042,gm.w Mieścisko,49.6531
2814013,gm.m-w. Barczewo,49.6527
2204082,gm.w Trąbki Wielkie,49.6442
0208031,Kudowa-Zdrój,49.6418
0405043,gm.m-w. Kowalewo Pomorskie,49.6409
3008072,gm.w Trzcinica,49.6352
1218082,gm.w Tomice,49.6291
1428022,gm.w Brochów,49.6229
0219063,gm.m-w. Strzegom,49.6216
2412042,gm.w Lyski,49.6176
2402052,gm.w Jasienica,49.6171
0618011,Tomaszów Lubelski,49.614
0215022,gm.w Domaniów,49.6103
2473011,Rybnik,49.6011
0225011,Zawidów,49.5886
3020052,gm.w Gołuchów,49.5882
3202063,gm.m-w. Recz,49.578
0806052,gm.w Zwierzyn,49.5705
0401031,Nieszawa,49.5638
3010123,gm.m-w. Ślesin,49.5623
2402011,Szczyrk,49.5622
2607011,Ostrowiec Świętokrzyski,49.5609
1414043,gm.m-w. Nasielsk,49.5512
0222013,gm.m-w. Brzeg Dolny,49.5495
1218033,gm.m-w. Kalwaria Zebrzydowska,49.5205
1003023,gm.m-w. Łask,49.5205
3005053,gm.m-w. Wielichowo,49.5169
0224053,gm.m-w. Ząbkowice Śląskie,49.5165
0411072,gm.w Topólka,49.5146
3019022,gm.w Białośliwie,49.5113
3015012,gm.w Kuślin,49.497
3003023,gm.m-w. Czerniejewo,49.4721
0804082,gm.w Siedlisko,49.4654
0202021,Dzierżoniów,49.46
3004023,gm.m-w. Gostyń,49.4504
0811082,gm.w Trzebiel,49.4504
1019011,Zduńska Wola,49.4478
2402032,gm.w Buczkowice,49.421
2213031,Starogard Gdański,49.4098
2413021,Miasteczko Śląskie,49.4068
3023062,gm.w Słupca,49.4041
1019023,gm.m-w. Szadek,49.3893
1015012,gm.w Bolimów,49.379
0221072,gm.w Stare Bogaczowice,49.3787
2602082,gm.w Sobków,49.3746
1423072,gm.w Rusinów,49.362
2814093,gm.m-w. Olsztynek,49.3617
0617011,Świdnik,49.3538
1010072,gm.w Ręczno,49.3414
0401042,gm.w Aleksandrów Kujawski,49.3383
1810011,Łańcut,49.3296
0412032,gm.w Rogowo,49.3291
3012043,gm.m-w. Krotoszyn,49.3283
2604172,gm.w Nowiny,49.3244
3010073,gm.m-w. Rychwał,49.3234
1603011,Kędzierzyn-Koźle,49.3194
0811072,gm.w Przewóz,49.308
2606043,gm.m-w. Opatów,49.3063
0208011,Duszniki-Zdrój,49.299
0811043,gm.m-w. Jasień,49.2962
0223073,gm.m-w. Sobótka,49.2697
1007043,gm.m-w. Opoczno,49.2673
2611053,gm.m-w. Wąchock,49.2655
2806083,gm.m-w. Ryn,49.2553
2407011,Lubliniec,49.2548
0801032,gm.w Deszczno,49.2505
2802033,gm.m-w. Frombork,49.2461
3008022,gm.w Bralin,49.2439
0403022,gm.w Dąbrowa Chełmińska,49.2335
1002022,gm.w Bedlno,49.2305
2602033,gm.m-w. Małogoszcz,49.2301
0414072,gm.w Osie,49.2288
0810053,gm.m-w. Małomice,49.2159
0206031,Piechowice,49.2108
1413042,gm.w Radzanów,49.2029
1419063,gm.m-w. Gąbin,49.2023
2604123,gm.m-w. Morawica,49.2018
1406083,gm.m-w. Nowe Miasto nad Pilicą,49.1924
3206033,gm.m-w. Chojna,49.1848
1006032,gm.w Brójce,49.1791
1263011,Tarnów,49.1758
2412032,gm.w Jejkowice,49.1756
1020021,Ozorków,49.174
2412022,gm.w Gaszowice,49.1579
0208041,Nowa Ruda,49.1522
1209073,gm.m-w. Sułkowice,49.1468
0214032,gm.w Dobroszyce,49.1432
0219021,Świebodzice,49.1432
0404042,gm.w Lisewo,49.1411
3024042,gm.w Obrzycko,49.1329
2209082,gm.w Stare Pole,49.1288
3216022,gm.w Brzeżno,49.119
1437033,gm.m-w. Lubowidz,49.1171
0205011,Jawor,49.1141
0415072,gm.w Obrowo,49.1065
0803042,gm.w Pszczew,49.1019
3216033,gm.m-w. Połczyn-Zdrój,49.0999
2417122,gm.w Ślemień,49.0945
2803062,gm.w Rybno,49.0922
2404122,gm.w Olsztyn,49.0874
0807023,gm.m-w. Lubniewice,49.0788
0214073,gm.m-w. Syców,49.0636
3007093,gm.m-w. Stawiszyn,49.0529
2810011,Mrągowo,49.047
1017102,gm.w Wierzchlas,49.046
1606023,gm.m-w. Namysłów,49.0385
0805033,gm.m-w. Ośno Lubuskie,49.0249
3010103,gm.m-w. Sompolno,49.0145
3213052,gm.w Postomino,49.0142
1411102,gm.w Szelków,49.0094
3212053,gm.m-w. Pyrzyce,49.0092
3203033,gm.m-w. Kalisz Pomorski,49.0041
1005022,gm.w Bielawy,49.0032
1406092,gm.w Pniewy,48.9975
2814052,gm.w Gietrzwałd,48.9841
0614112,gm.w Żyrzyn,48.9783
2412013,gm.m-w. Czerwionka-Leszczyny,48.9775
0416052,gm.w Śliwice,48.9723
2213013,gm.m-w. Czarna Woda,48.962
3006013,gm.m-w. Jaraczewo,48.959
0804023,gm.m-w. Bytom Odrzański,48.9583
2479011,Żory,48.9402
1429092,gm.w Sterdyń,48.9395
2005022,gm.w Białowieża,48.9202
2204022,gm.w Cedry Wielkie,48.8978
1402072,gm.w Opinogóra Górna,48.8967
3208062,gm.w Siemyśl,48.8774
2413011,Kalety,48.8769
0418113,gm.m-w. Lubień Kujawski,48.8732
3209082,gm.w Świeszyno,48.8723
0209011,Chojnów,48.8667
0206041,Szklarska Poręba,48.8501
1419042,gm.w Bulkowo,48.8487
0410042,gm.w Sadki,48.835
0203062,gm.w Żukowice,48.8325
2612012,gm.w Bogoria,48.8287
1215082,gm.w Zawoja,48.8107
1425011,Pionki,48.8102
0212033,gm.m-w. Lwówek Śląski,48.8013
0226032,gm.w Pielgrzymka,48.7913
2605052,gm.w Ruda Maleniecka,48.7877
1007023,gm.m-w. Drzewica,48.7866
1433092,gm.w Wierzbno,48.7859
0406022,gm.w Gruta,48.7805
3002062,gm.w Połajewo,48.7785
0413043,gm.m-w. Więcbork,48.7715
0406033,gm.m-w. Łasin,48.7657
2403113,gm.m-w. Strumień,48.7553
1438042,gm.w Radziejowice,48.753
0619042,gm.w Stary Brus,48.744
3009032,gm.w Chodów,48.7437
1021011,Brzeziny,48.7182
1218022,gm.w Brzeźnica,48.7121
1012072,gm.w Kodrąb,48.7071
2216013,gm.m-w. Dzierzgoń,48.6862
1403132,gm.w Wilga,48.66
2612033,gm.m-w. Oleśnica,48.6599
2061011,Białystok,48.6577
1021032,gm.w Dmosin,48.6505
1608043,gm.m-w. Praszka,48.6317
2403082,gm.w Hażlach,48.6125
3023032,gm.w Orchowo,48.6053
1012053,gm.m-w. Kamieńsk,48.6042
0809043,gm.m-w. Kargowa,48.5985
0405052,gm.w Radomin,48.5925
0417032,gm.w Książki,48.5873
3001032,gm.w Chodzież,48.5821
2216022,gm.w Mikołajki Pomorskie,48.5746
3013033,gm.m-w. Osieczna,48.572
1018062,gm.w Sokolniki,48.5658
2210032,gm.w Ostaszewo,48.5652
1007062,gm.w Poświętne,48.565
1863011,Rzeszów,48.5496
3201011,Białogard,48.547
0220063,gm.m-w. Żmigród,48.5419
1017022,gm.w Czarnożyły,48.5409
2613042,gm.w Radków,48.5406
0806032,gm.w Stare Kurowo,48.5374
2406042,gm.w Miedźno,48.5368
1017062,gm.w Ostrówek,48.5357
1419153,gm.m-w. Wyszogród,48.5177
0810032,gm.w Brzeźnica,48.5085
0412052,gm.w Skrwilno,48.5045
3031053,gm.m-w. Okonek,48.5014
1407062,gm.w Magnuszew,48.4939
1214033,gm.m-w. Nowe Brzesko,48.4496
2207052,gm.w Ryjewo,48.4171
0805022,gm.w Górzyca,48.4029
3019083,gm.m-w. Wyrzysk,48.3918
2210042,gm.w Stegna,48.3785
3209033,gm.m-w. Bobolice,48.3685
1604023,gm.m-w. Kluczbork,48.3624
2404052,gm.w Kłomnice,48.3609
0409043,gm.m-w. Strzelno,48.3599
1002062,gm.w Kutno,48.3491
2212102,gm.w Ustka,48.3424
1420062,gm.w Joniec,48.3396
2404102,gm.w Mstów,48.3312
2814023,gm.m-w. Biskupiec,48.3213
2613052,gm.w Secemin,48.3175
0418052,gm.w Choceń,48.3059
0811063,gm.m-w. Lubsko,48.3017
2603043,gm.m-w. Opatowiec,48.2972
1405032,gm.w Baranów,48.2964
1407053,gm.m-w. Kozienice,48.2955
1002092,gm.w Oporów,48.2911
2413052,gm.w Krupski Młyn,48.2845
0412022,gm.w Brzuze,48.2778
3010092,gm.w Skulsk,48.2776
3006032,gm.w Kotlin,48.2679
0206092,gm.w Stara Kamienica,48.2667
1435053,gm.m-w. Wyszków,48.2447
2207011,Kwidzyn,48.2376
3215052,gm.w Grzmiąca,48.1889
0810092,gm.w Żagań,48.1755
1414032,gm.w Leoncin,48.1747
2808062,gm.w Srokowo,48.1601
0206082,gm.w Podgórzyn,48.1593
2210023,gm.m-w. Nowy Dwór Gdański,48.157
2416102,gm.w Żarnowiec,48.1522
1438023,gm.m-w. Mszczonów,48.1469
3214113,gm.m-w. Suchań,48.1438
1411032,gm.w Karniewo,48.1337
0410013,gm.m-w. Kcynia,48.1218
1607082,gm.w Pakosławice,48.1121
2415052,gm.w Godów,48.1112
1009013,gm.m-w. Działoszyn,48.0965
0417042,gm.w Płużnica,48.0822
2476011,Świętochłowice,48.0818
2205023,gm.m-w. Kartuzy,48.0771
1435042,gm.w Somianka,48.0626
3017052,gm.w Przygodzice,48.0625
3002022,gm.w Czarnków,48.0603
0418043,gm.m-w. Brześć Kujawski,48.0532
0414012,gm.w Bukowiec,48.0507
0419033,gm.m-w. Janowiec Wielkopolski,48.0468
2415041,Wodzisław Śląski,48.0347
1015052,gm.w Lipce Reymontowskie,48.0329
0402053,gm.m-w. Górzno,48.0285
3003093,gm.m-w. Trzemeszno,47.9961
2404112,gm.w Mykanów,47.9953
2613012,gm.w Kluczewsko,47.993
0609072,gm.w Jastków,47.9897
2407042,gm.w Herby,47.9835
2211062,gm.w Krokowa,47.9833
2601083,gm.m-w. Wiślica,47.952
0218012,gm.w Kostomłoty,47.9392
1010012,gm.w Aleksandrów,47.9318
0214023,gm.m-w. Bierutów,47.9287
3210043,gm.m-w. Myślibórz,47.9225
3205032,gm.w Karnice,47.9193
0414102,gm.w Świekatowo,47.9121
1017052,gm.w Osjaków,47.9114
1419072,gm.w Łąck,47.8981
1405052,gm.w Jaktorów,47.8952
3028053,gm.m-w. Skoki,47.8925
0217022,gm.w Kondratowice,47.8924
0614092,gm.w Puławy,47.8869
1003052,gm.w Wodzierady,47.8833
2413092,gm.w Zbrosławice,47.8792
1425033,gm.m-w. Iłża,47.8759
2606032,gm.w Lipnik,47.8489
0226062,gm.w Złotoryja,47.841
1412062,gm.w Dobre,47.8392
2406082,gm.w Przystajń,47.8372
1011052,gm.w Wartkowice,47.8282
0219052,gm.w Marcinowice,47.8228
0413013,gm.m-w. Kamień Krajeński,47.8197
3022042,gm.w Pakosław,47.8172
1607073,gm.m-w. Paczków,47.8075
1461011,Ostrołęka,47.8028
0804043,gm.m-w. Kożuchów,47.802
0211022,gm.w Lubin,47.7877
2214062,gm.w Tczew,47.7861
2406062,gm.w Panki,47.7855
2806052,gm.w Kruklanki,47.7689
1209033,gm.m-w. Myślenice,47.7437
0406043,gm.m-w. Radzyń Chełmiński,47.7214
2417152,gm.w Węgierska Górka,47.6995
2810023,gm.m-w. Mikołajki,47.6915
2467011,Jastrzębie-Zdrój,47.6896
2415031,Rydułtowy,47.6876
2815083,gm.m-w. Morąg,47.6786
2406072,gm.w Popów,47.6778
1002082,gm.w Nowe Ostrowy,47.6751
1010022,gm.w Czarnocin,47.6696
0662011,Chełm,47.6634
1001011,Bełchatów,47.6612
3209012,gm.w Będzino,47.656
0606011,Krasnystaw,47.6473
0223032,gm.w Jordanów Śląski,47.6384
2213112,gm.w Smętowo Graniczne,47.631
2808053,gm.m-w. Reszel,47.6286
1011012,gm.w Dalików,47.6276
1014042,gm.w Brzeźnio,47.625
1210011,Grybów,47.6111
0614083,gm.m-w. Nałęczów,47.596
0214083,gm.m-w. Twardogóra,47.591
1605023,gm.m-w. Krapkowice,47.5892
2601072,gm.w Tuczępy,47.5881
2605062,gm.w Słupia Konecka,47.587
1005072,gm.w Łowicz,47.5869
1218072,gm.w Stryszów,47.5759
2410062,gm.w Suszec,47.566
2212062,gm.w Kobylnica,47.5589
1434093,gm.m-w. Radzymin,47.554
1016052,gm.w Inowłódz,47.5517
1809011,Lubaczów,47.5486
2406023,gm.m-w. Krzepice,47.5139
2417072,gm.w Łękawica,47.5
0418083,gm.m-w. Izbica Kujawska,47.4902
1423022,gm.w Gielniów,47.4865
1417062,gm.w Osieck,47.4816
2002042,gm.w Gródek,47.4769
1411052,gm.w Młynarze,47.4625
1215092,gm.w Zembrzyce,47.4603
1411092,gm.w Sypniewo,47.4597
2204052,gm.w Przywidz,47.4571
3218032,gm.w Radowo Małe,47.442
3206092,gm.w Widuchowa,47.4309
1010082,gm.w Rozprza,47.4249
1607063,gm.m-w. Otmuchów,47.4204
0409033,gm.m-w. Mogilno,47.4182
2804052,gm.w Milejewo,47.4039
1219022,gm.w Gdów,47.4005
0410023,gm.m-w. Mrocza,47.3948
2609082,gm.w Wilczyce,47.3944
2212082,gm.w Słupsk,47.3931
0401082,gm.w Waganiec,47.3926
0218052,gm.w Udanin,47.3873
3028072,gm.w Wągrowiec,47.3821
1018022,gm.w Czastary,47.375
2404063,gm.m-w. Koniecpol,47.3446
1419082,gm.w Mała Wieś,47.3364
3010082,gm.w Rzgów,47.3198
0811102,gm.w Żary,47.317
0805013,gm.m-w. Cybinka,47.3123
1401063,gm.m-w. Wyśmierzyce,47.3076
3010112,gm.w Stare Miasto,47.3074
0412062,gm.w Wąpielsk,47.3058
0203032,gm.w Jerzmanowa,47.2976
0212053,gm.m-w. Wleń,47.2947
2201023,gm.m-w. Bytów,47.2883
0218022,gm.w Malczyce,47.2879
1005032,gm.w Chąśno,47.2871
3013052,gm.w Święciechowa,47.2851
2811043,gm.m-w. Nidzica,47.2807
3010052,gm.w Kramsk,47.2612
2214043,gm.m-w. Pelplin,47.2567
1413022,gm.w Dzierzgowo,47.2524
3031023,gm.m-w. Jastrowie,47.2449
2609072,gm.w Samborzec,47.2421
1402092,gm.w Sońsk,47.2298
0404062,gm.w Stolno,47.2285
0209032,gm.w Krotoszyce,47.2281
1015072,gm.w Nowy Kawęczyn,47.228
3207023,gm.m-w. Golczewo,47.2279
3206083,gm.m-w. Trzcińsko-Zdrój,47.2169
1214012,gm.w Koniusza,47.2126
3206012,gm.w Banie,47.2093
2408031,Orzesze,47.2006
0809022,gm.w Bojadła,47.1968
3210013,gm.m-w. Barlinek,47.1956
1419032,gm.w Brudzeń Duży,47.1952
0806023,gm.m-w. Drezdenko,47.1927
1214062,gm.w Radziemice,47.1913
3205043,gm.m-w. Płoty,47.185
2609022,gm.w Dwikozy,47.1792
1411062,gm.w Płoniawy-Bramura,47.1777
3012063,gm.m-w. Zduny,47.1686
2415021,Radlin,47.1667
0810082,gm.w Wymiarki,47.1596
2607032,gm.w Bodzechów,47.1503
0802042,gm.w Dąbie,47.146
1412052,gm.w Dębe Wielkie,47.1453
3002043,gm.m-w. Krzyż Wielkopolski,47.1425
2478011,Zabrze,47.142
0404052,gm.w Papowo Biskupie,47.1395
2802053,gm.m-w. Pieniężno,47.1118
3009063,gm.m-w. Kłodawa,47.1116
0804073,gm.m-w. Otyń,47.1112
2612053,gm.m-w. Połaniec,47.1112
0219083,gm.m-w. Żarów,47.1099
1020072,gm.w Parzęczew,47.1044
1424052,gm.w Świercze,47.1032
2214023,gm.m-w. Gniew,47.1019
1427062,gm.w Szczutowo,47.0907
2202052,gm.w Konarzyny,47.0897
3013022,gm.w Lipno,47.0894
3026023,gm.m-w. Dolsk,47.0887
2201063,gm.m-w. Miastko,47.0774
1005042,gm.w Domaniewice,47.0664
2417112,gm.w Rajcza,47.0663
0225033,gm.m-w. Bogatynia,47.0596
0415022,gm.w Chełmża,47.0492
2609052,gm.w Łoniów,47.0446
1424032,gm.w Pokrzywnica,47.039
2814082,gm.w Kolno,47.034
2601043,gm.m-w. Pacanów,47.0216
1862011,Przemyśl,47.0182
1003042,gm.w Widawa,47.0022
0664011,Zamość,47.0017
1412123,gm.m-w. Mrozy,46.9939
0418132,gm.w Włocławek,46.979
0614032,gm.w Janowiec,46.9722
1218042,gm.w Lanckorona,46.9719
1608062,gm.w Rudniki,46.9686
0617042,gm.w Rybczewice,46.9674
2405052,gm.w Rudziniec,46.9669
2203062,gm.w Przechlewo,46.9632
1424012,gm.w Gzy,46.9486
3018063,gm.m-w. Mikstat,46.9449
2412052,gm.w Świerklany,46.9378
1218013,gm.m-w. Andrychów,46.9354
0208083,gm.m-w. Lądek-Zdrój,46.9335
1423012,gm.w Borkowice,46.9296
3218043,gm.m-w. Resko,46.9245
1012062,gm.w Kobiele Wielkie,46.9234
1002043,gm.m-w. Krośniewice,46.9232
2206032,gm.w Karsin,46.9169
2801032,gm.w Bartoszyce,46.9144
1428052,gm.w Nowa Sucha,46.9114
3003072,gm.w Mieleszyn,46.9093
2416073,gm.m-w. Pilica,46.9065
0208092,gm.w Lewin Kłodzki,46.9027
2209073,gm.m-w. Nowy Staw,46.8997
1215063,gm.m-w. Maków Podhalański,46.8907
3010132,gm.w Wierzbinek,46.8819
2013033,gm.m-w. Czyżew,46.8819
3007012,gm.w Blizanów,46.8788
2604033,gm.m-w. Chęciny,46.8498
1018012,gm.w Bolesławiec,46.8466
2612022,gm.w Łubnice,46.8404
1219012,gm.w Biskupice,46.8359
3202053,gm.m-w. Pełczyce,46.8353
0208133,gm.m-w. Stronie Śląskie,46.8259
0801052,gm.w Lubiszyn,46.8082
0405032,gm.w Golub-Dobrzyń,46.8047
0214062,gm.w Oleśnica,46.7927
3209063,gm.m-w. Polanów,46.7886
1008042,gm.w Dobroń,46.7829
3018042,gm.w Kobyla Góra,46.7808
1218102,gm.w Wieprz,46.777
2406032,gm.w Lipie,46.7763
1411073,gm.m-w. Różan,46.7727
2211072,gm.w Puck,46.7694
1424062,gm.w Winnica,46.7691
3003032,gm.w Gniezno,46.7653
1016022,gm.w Będków,46.7568
3012011,Sulmierzyce,46.7326
3203063,gm.m-w. Złocieniec,46.7308
1428062,gm.w Rybno,46.7282
1601033,gm.m-w. Grodków,46.7236
1201063,gm.m-w. Nowy Wiśnicz,46.7228
1010113,gm.m-w. Wolbórz,46.7203
1419012,gm.w Bielsk,46.7138
2405063,gm.m-w. Sośnicowice,46.7101
1403032,gm.w Borowie,46.7024
2801063,gm.m-w. Sępopol,46.6941
1403103,gm.m-w. Pilawa,46.6831
2819022,gm.w Pozezdrze,46.6831
1010093,gm.m-w. Sulejów,46.6765
3204062,gm.w Przybiernów,46.6747
0415032,gm.w Czernikowo,46.6652
0808022,gm.w Łagów,46.6476
3217043,gm.m-w. Tuczno,46.6434
2816043,gm.m-w. Ruciane-Nida,46.6424
3027092,gm.w Władysławów,46.637
0802032,gm.w Bytnica,46.6319
2013011,Wysokie Mazowieckie,46.6153
2804063,gm.m-w. Młynary,46.6107
2411011,Racibórz,46.6079
1210113,gm.m-w. Muszyna,46.606
1419102,gm.w Radzanowo,46.601
0402092,gm.w Świedziebnia,46.5989
2406092,gm.w Wręczyca Wielka,46.5763
2206022,gm.w Dziemiany,46.5763
1420113,gm.m-w. Sochocin,46.5751
0204043,gm.m-w. Wąsosz,46.5742
2601022,gm.w Gnojno,46.57
2203043,gm.m-w. Debrzno,46.5677
1404032,gm.w Pacyna,46.5587
0418072,gm.w Fabianki,46.5416
3003082,gm.w Niechanowo,46.5209
0419043,gm.m-w. Łabiszyn,46.5146
0405062,gm.w Zbójno,46.5084
1412142,gm.w Stanisławów,46.5058
0222033,gm.m-w. Wołów,46.4961
1008032,gm.w Dłutów,46.4834
2405021,Pyskowice,46.4698
1012113,gm.m-w. Przedbórz,46.4691
0802072,gm.w Maszewo,46.4657
1009043,gm.m-w. Pajęczno,46.4624
2601033,gm.m-w. Nowy Korczyn,46.4582
0801062,gm.w Santok,46.4536
2806042,gm.w Giżycko,46.448
1214023,gm.m-w. Koszyce,46.4444
1427042,gm.w Rościszewo,46.4373
1012042,gm.w Gomunice,46.4261
1412112,gm.w Mińsk Mazowiecki,46.411
2411022,gm.w Kornowac,46.4085
0661011,Biała Podlaska,46.4051
1209062,gm.w Siepraw,46.3947
1428042,gm.w Młodzieszyn,46.3932
0216043,gm.m-w. Polkowice,46.3904
1010042,gm.w Grabica,46.388
1004052,gm.w Łęczyca,46.3855
1011022,gm.w Pęczniew,46.3835
0414052,gm.w Lniano,46.3822
1010062,gm.w Moszczenica,46.3807
3007112,gm.w Żelazków,46.3802
3031062,gm.w Tarnówka,46.3793
0206072,gm.w Mysłakowice,46.3777
3204073,gm.m-w. Stepnica,46.3455
0606032,gm.w Gorzków,46.3451
1012102,gm.w Masłowice,46.3397
0414032,gm.w Drzycim,46.3285
1210073,gm.m-w. Krynica-Zdrój,46.3244
0812013,gm.m-w. Sława,46.2932
2606062,gm.w Sadowie,46.2844
0414063,gm.m-w. Nowe,46.2734
0220052,gm.w Zawonia,46.2709
1407012,gm.w Garbatka-Letnisko,46.2642
1018043,gm.m-w. Lututów,46.2601
1424072,gm.w Zatory,46.251
2403072,gm.w Goleszów,46.2487
0217053,gm.m-w. Wiązów,46.2434
0212043,gm.m-w. Mirsk,46.2239
0801022,gm.w Bogdaniec,46.223
1413032,gm.w Lipowiec Kościelny,46.2227
0205062,gm.w Wądroże Wielkie,46.2191
2415092,gm.w Mszana,46.2129
0213012,gm.w Cieszków,46.21
0209062,gm.w Miłkowice,46.2035
0212013,gm.m-w. Gryfów Śląski,46.1981
0406012,gm.w Grudziądz,46.1937
3012023,gm.m-w. Kobylin,46.1921
3015063,gm.m-w. Zbąszyń,46.1895
2417132,gm.w Świnna,46.1882
2415011,Pszów,46.1847
3031042,gm.w Lipka,46.1566
0217032,gm.w Przeworno,46.1522
0219043,gm.m-w. Jaworzyna Śląska,46.1358
2212092,gm.w Smołdzino,46.1266
0604032,gm.w Horodło,46.1249
2409053,gm.m-w. Żarki,46.1247
0616043,gm.m-w. Ryki,46.1067
2607022,gm.w Bałtów,46.1033
2801052,gm.w Górowo Iławeckie,46.1005
0209073,gm.m-w. Prochowice,46.0994
0413032,gm.w Sośno,46.0991
1423082,gm.w Wieniawa,46.0807
0209082,gm.w Ruja,46.0516
0207042,gm.w Marciszów,46.0406
2613022,gm.w Krasocin,46.032
3018012,gm.w Czajków,46.0279
0204013,gm.m-w. Góra,46.0041
1011062,gm.w Zadzim,45.9887
2603033,gm.m-w. Kazimierza Wielka,45.9829
1021042,gm.w Jeżów,45.9736
0206021,Kowary,45.9624
0807012,gm.w Krzeszyce,45.9563
2202032,gm.w Chojnice,45.9534
0804052,gm.w Nowa Sól,45.9525
3217023,gm.m-w. Człopa,45.9454
1005052,gm.w Kiernozia,45.9419
1218062,gm.w Spytkowice,45.9271
3017023,gm.m-w. Nowe Skalmierzyce,45.9072
1602043,gm.m-w. Kietrz,45.9056
1218052,gm.w Mucharz,45.9028
1609073,gm.m-w. Niemodlin,45.9023
1423042,gm.w Odrzywół,45.8999
0221011,Boguszów-Gorce,45.8889
1434113,gm.m-w. Tłuszcz,45.8864
1433062,gm.w Miedzna,45.8827
3013012,gm.w Krzemieniewo,45.8656
1014023,gm.m-w. Błaszki,45.8638
3007032,gm.w Ceków-Kolonia,45.8569
1434072,gm.w Klembów,45.8548
0402032,gm.w Brodnica,45.8439
2804042,gm.w Markusy,45.8344
3031033,gm.m-w. Krajenka,45.8267
3007083,gm.m-w. Opatówek,45.8237
1607013,gm.m-w. Głuchołazy,45.8164
0414022,gm.w Dragacz,45.8136
2204072,gm.w Suchy Dąb,45.8098
0604052,gm.w Mircze,45.8068
2812052,gm.w Nowe Miasto Lubawskie,45.8068
2417102,gm.w Radziechowy-Wieprz,45.8066
3212033,gm.m-w. Lipiany,45.806
0418102,gm.w Lubanie,45.8022
3028022,gm.w Damasławek,45.7956
0216032,gm.w Grębocice,45.7896
0807053,gm.m-w. Torzym,45.7826
1416011,Ostrów Mazowiecka,45.7823
0219072,gm.w Świdnica,45.7816
2609043,gm.m-w. Koprzywnica,45.7702
1001062,gm.w Rusiec,45.7681
3215033,gm.m-w. Biały Bór,45.763
2206052,gm.w Liniewo,45.7583
3017042,gm.w Ostrów Wielkopolski,45.7572
0224033,gm.m-w. Kamieniec Ząbkowicki,45.7453
0213022,gm.w Krośnice,45.7432
1407072,gm.w Sieciechów,45.7372
0224063,gm.m-w. Ziębice,45.7359
2604092,gm.w Masłów,45.7327
1429022,gm.w Bielany,45.7279
2202043,gm.m-w. Czersk,45.7276
3018073,gm.m-w. Ostrzeszów,45.7203
1008072,gm.w Pabianice,45.7143
0409012,gm.w Dąbrowa,45.713
3216052,gm.w Sławoborze,45.7128
3008042,gm.w Łęka Opatowska,45.7121
0414042,gm.w Jeżewo,45.6983
3027073,gm.m-w. Tuliszków,45.6964
1416062,gm.w Nur,45.6729
2407062,gm.w Koszęcin,45.6647
2403062,gm.w Dębowiec,45.663
3019062,gm.w Szydłowo,45.6589
1438032,gm.w Puszcza Mariańska,45.6589
2803032,gm.w Iłowo-Osada,45.6549
3209042,gm.w Manowo,45.6424
1004032,gm.w Góra Świętej Małgorzaty,45.6411
1403062,gm.w Łaskarzew,45.6214
2009011,Sejny,45.5902
3020013,gm.m-w. Chocz,45.5811
1601011,Brzeg,45.5771
2409023,gm.m-w. Koziegłowy,45.5743
2216032,gm.w Stary Dzierzgoń,45.5712
0612072,gm.w Wilków,45.569
1262011,Nowy Sącz,45.566
1406022,gm.w Błędów,45.562
0802052,gm.w Gubin,45.5593
2404022,gm.w Dąbrowa Zielona,45.5561
3212022,gm.w Kozielice,45.5462
3212062,gm.w Warnice,45.5417
0614043,gm.m-w. Kazimierz Dolny,45.5204
2601063,gm.m-w. Stopnica,45.5121
0608011,Lubartów,45.4982
2803022,gm.w Działdowo,45.4684
3019043,gm.m-w. Łobżenica,45.4584
2215042,gm.w Choczewo,45.4278
3027022,gm.w Brudzew,45.4179
2203072,gm.w Rzeczenica,45.417
1801052,gm.w Lutowiska,45.4099
1014082,gm.w Sieradz,45.4032
2801043,gm.m-w. Bisztynek,45.4017
2812042,gm.w Kurzętnik,45.3968
1217011,Zakopane,45.3885
1420122,gm.w Załuski,45.3822
1010102,gm.w Wola Krzysztoporska,45.3802
0616062,gm.w Ułęż,45.3736
2209042,gm.w Malbork,45.3685
2604192,gm.w Zagnańsk,45.3666
1402033,gm.m-w. Glinojeck,45.3632
0811032,gm.w Brody,45.3627
0208112,gm.w Nowa Ruda,45.3584
1012032,gm.w Gidle,45.3555
2403103,gm.m-w. Skoczów,45.3524
0205042,gm.w Mściwojów,45.3462
3009113,gm.m-w. Przedecz,45.3451
2002093,gm.m-w. Supraśl,45.3415
3214042,gm.w Dolice,45.3377
2604102,gm.w Miedziana Góra,45.325
0811052,gm.w Lipinki Łużyckie,45.2915
3029022,gm.w Siedlec,45.2886
1015062,gm.w Maków,45.2789
1402082,gm.w Regimin,45.2765
3013072,gm.w Włoszakowice,45.243
2808022,gm.w Barciany,45.2405
1017072,gm.w Pątnów,45.2242
1406062,gm.w Jasieniec,45.2203
3207052,gm.w Świerzno,45.2172
2606053,gm.m-w. Ożarów,45.2126
0220023,gm.m-w. Prusice,45.2096
0808042,gm.w Szczaniec,45.2016
0603011,Rejowiec Fabryczny,45.1941
0202011,Bielawa,45.1851
1401022,gm.w Promna,45.1805
2212032,gm.w Dębnica Kaszubska,45.1711
3008062,gm.w Rychtal,45.1596
2812032,gm.w Grodziczno,45.1417
1610043,gm.m-w. Prudnik,45.1343
2609062,gm.w Obrazów,45.134
1804011,Jarosław,45.1272
3002032,gm.w Drawsko,45.1171
2818033,gm.m-w. Gołdap,45.1144
1428072,gm.w Sochaczew,45.1112
2818012,gm.w Banie Mazurskie,45.1024
1014102,gm.w Wróblew,45.0932
2417032,gm.w Gilowice,45.0925
1403082,gm.w Miastków Kościelny,45.0879
0604022,gm.w Dołhobyczów,45.0712
1604013,gm.m-w. Byczyna,45.0709
1020062,gm.w Ozorków,45.0574
2407022,gm.w Boronów,45.0565
0208072,gm.w Kłodzko,45.0548
2609033,gm.m-w. Klimontów,45.0482
0216062,gm.w Radwanice,45.0449
0205032,gm.w Męcinka,45.0369
2417092,gm.w Milówka,45.0299
0203042,gm.w Kotla,45.018
0812033,gm.m-w. Wschowa,45.0155
0221082,gm.w Walim,45.0111
2206042,gm.w Kościerzyna,45.0111
1814011,Przeworsk,45.005
0804063,gm.m-w. Nowe Miasteczko,45.0028
0619032,gm.w Hańsk,45.0
1409033,gm.m-w. Lipsko,44.9959
0206062,gm.w Jeżów Sudecki,44.9921
1010032,gm.w Gorzkowice,44.9894
1016072,gm.w Rokiciny,44.9862
2815073,gm.m-w. Miłomłyn,44.9857
3029012,gm.w Przemęt,44.9848
0609092,gm.w Krzczonów,44.9802
2208042,gm.w Nowa Wieś Lęborska,44.9732
1438053,gm.m-w. Wiskitki,44.9711
0613043,gm.m-w. Parczew,44.9648
1009022,gm.w Kiełczygłów,44.962
0416042,gm.w Lubiewo,44.9567
1211023,gm.m-w. Szczawnica,44.9545
1402022,gm.w Ciechanów,44.9504
0408022,gm.w Bobrowniki,44.9402
2607053,gm.m-w. Kunów,44.9389
0202062,gm.w Łagiewniki,44.9375
2807063,gm.m-w. Susz,44.9343
1004072,gm.w Świnice Warckie,44.9227
0215042,gm.w Oława,44.9073
0412042,gm.w Rypin,44.8958
2410042,gm.w Pawłowice,44.8942
2410032,gm.w Miedźna,44.88
2404082,gm.w Kruszyna,44.8771
0208063,gm.m-w. Bystrzyca Kłodzka,44.8756
2002013,gm.m-w. Choroszcz,44.8641
3011043,gm.m-w. Krzywiń,44.862
2604043,gm.m-w. Chmielnik,44.8612
2817072,gm.w Świętajno,44.8541
3217052,gm.w Wałcz,44.8515
1609123,gm.m-w. Tułowice,44.8508
3020022,gm.w Czermin,44.843
1207011,Limanowa,44.8331
1411022,gm.w Czerwonka,44.8328
1014113,gm.m-w. Złoczew,44.8324
2201072,gm.w Parchowo,44.8204
1609103,gm.m-w. Prószków,44.8177
1016092,gm.w Tomaszów Mazowiecki,44.8138
2601052,gm.w Solec-Zdrój,44.8043
1412093,gm.m-w. Kałuszyn,44.7904
1412132,gm.w Siennica,44.7872
1435062,gm.w Zabrodzie,44.7846
0408043,gm.m-w. Dobrzyń nad Wisłą,44.7835
0609013,gm.m-w. Bełżyce,44.7786
1609022,gm.w Dąbrowa,44.7649
1205011,Gorlice,44.7559
1003032,gm.w Sędziejowice,44.7422
0408052,gm.w Kikół,44.7376
3026033,gm.m-w. Książ Wielkopolski,44.7291
1010052,gm.w Łęki Szlacheckie,44.7283
1437013,gm.m-w. Bieżuń,44.7277
0601062,gm.w Kodeń,44.7261
2206062,gm.w Lipusz,44.7243
1209013,gm.m-w. Dobczyce,44.7218
0416032,gm.w Kęsowo,44.718
2802062,gm.w Płoskinia,44.7059
1002072,gm.w Łanięta,44.701
1201052,gm.w Łapanów,44.6993
3210052,gm.w Nowogródek Pomorski,44.6929
1409042,gm.w Rzeczniów,44.6907
2215102,gm.w Wejherowo,44.6885
0216053,gm.m-w. Przemków,44.6873
0406052,gm.w Rogóźno,44.6722
1014052,gm.w Burzenin,44.6708
0613072,gm.w Sosnowica,44.6651
0416022,gm.w Gostycyn,44.6624
0402022,gm.w Bobrowo,44.6584
2604133,gm.m-w. Nowa Słupia,44.6533
1416032,gm.w Boguty-Pianki,44.6443
1211062,gm.w Krościenko nad Dunajcem,44.6437
2817032,gm.w Jedwabno,44.6414
3019093,gm.m-w. Wysoka,44.6404
1606012,gm.w Domaszowice,44.6404
2011072,gm.w Sidra,44.6397
1426022,gm.w Korczew,44.6359
3022023,gm.m-w. Jutrosin,44.6337
1017012,gm.w Biała,44.6256
3027033,gm.m-w. Dobra,44.6184
1420043,gm.m-w. Czerwińsk nad Wisłą,44.6109
2610032,gm.w Łączna,44.6048
0417052,gm.w Ryńsk,44.6
2802042,gm.w Lelkowo,44.5892
0221053,gm.m-w. Głuszyca,44.5855
3019052,gm.w Miasteczko Krajeńskie,44.5821
2201092,gm.w Trzebielino,44.5764
1207021,Mszana Dolna,44.5753
3215062,gm.w Szczecinek,44.5722
3004013,gm.m-w. Borek Wielkopolski,44.5639
2404092,gm.w Lelów,44.5348
0618123,gm.m-w. Tyszowce,44.5282
0205052,gm.w Paszowice,44.5133
0614102,gm.w Wąwolnica,44.4955
0222022,gm.w Wińsko,44.4715
1423032,gm.w Klwów,44.4411
0210053,gm.m-w. Olszyna,44.4376
1406073,gm.m-w. Mogielnica,44.4341
1407032,gm.w Gniewoszów,44.43
2404032,gm.w Janów,44.4277
0810073,gm.m-w. Szprotawa,44.4199
2816023,gm.m-w. Orzysz,44.4168
1464011,Siedlce,44.4167
2409032,gm.w Niegowa,44.4147
0416012,gm.w Cekcyn,44.4139
0418063,gm.m-w. Chodecz,44.4072
2802072,gm.w Wilczęta,44.3952
2604053,gm.m-w. Daleszyce,44.3897
0612063,gm.m-w. Poniatowa,44.3818
1017042,gm.w Mokrsko,44.374
1427072,gm.w Zawidz,44.3421
1415042,gm.w Goworowo,44.3308
0210033,gm.m-w. Leśna,44.3205
1420072,gm.w Naruszewo,44.3157
2612083,gm.m-w. Szydłów,44.3137
0205023,gm.m-w. Bolków,44.3022
3205012,gm.w Brojce,44.2959
0603052,gm.w Dubienka,44.2857
0201062,gm.w Warta Bolesławiecka,44.2826
2206072,gm.w Nowa Karczma,44.2539
2605083,gm.m-w. Stąporków,44.2489
0801073,gm.m-w. Witnica,44.2479
2804012,gm.w Elbląg,44.2381
3213042,gm.w Malechowo,44.2348
3007072,gm.w Mycielin,44.2205
2417052,gm.w Koszarawa,44.2029
2612062,gm.w Rytwiany,44.1956
1601062,gm.w Olszanka,44.1937
1402042,gm.w Gołymin-Ośrodek,44.1898
1215032,gm.w Budzów,44.1811
0402042,gm.w Brzozie,44.1745
1201082,gm.w Trzciana,44.1729
0611011,Łuków,44.1561
3009043,gm.m-w. Dąbie,44.1529
0614062,gm.w Kurów,44.1509
1814042,gm.w Jawornik Polski,44.1443
1607042,gm.w Łambinowice,44.1391
2809053,gm.m-w. Orneta,44.1266
1202023,gm.m-w. Brzesko,44.1043
1012022,gm.w Dobryszyce,44.0959
3004073,gm.m-w. Poniec,44.083
1015092,gm.w Słupia,44.0782
2213093,gm.m-w. Skarszewy,44.0767
1434052,gm.w Dąbrówka,44.0767
2011083,gm.m-w. Sokółka,44.0677
1401032,gm.w Radzanów,44.0639
2815063,gm.m-w. Miłakowo,44.0618
1607092,gm.w Skoroszyce,44.0461
2209032,gm.w Lichnowy,44.045
0609112,gm.w Niemce,44.0325
1015022,gm.w Głuchów,44.0274
1003012,gm.w Buczek,44.0236
1015082,gm.w Skierniewice,44.021
3017063,gm.m-w. Raszków,43.9694
3004052,gm.w Piaski,43.9452
1422072,gm.w Przasnysz,43.9339
2407083,gm.m-w. Woźniki,43.9277
1017082,gm.w Skomlin,43.9241
3218013,gm.m-w. Dobra,43.9237
2814033,gm.m-w. Dobre Miasto,43.9229
0609052,gm.w Głusk,43.9112
0203022,gm.w Głogów,43.9007
0619082,gm.w Wyryki,43.8909
2812022,gm.w Biskupiec,43.8888
1016102,gm.w Ujazd,43.8879
2804032,gm.w Gronowo Elbląskie,43.871
2818022,gm.w Dubeninki,43.8572
2815092,gm.w Ostróda,43.83
0417022,gm.w Dębowa Łąka,43.8174
1012132,gm.w Wielgomłyny,43.8137
1019032,gm.w Zapolice,43.8108
0609132,gm.w Wojciechów,43.7972
2002073,gm.m-w. Michałowo,43.7946
0606092,gm.w Rudnik,43.7941
3017033,gm.m-w. Odolanów,43.7781
0601011,Międzyrzec Podlaski,43.7751
1602033,gm.m-w. Głubczyce,43.7696
2611032,gm.w Mirzec,43.769
0402082,gm.w Osiek,43.7593
0609033,gm.m-w. Bychawa,43.7565
1012092,gm.w Ładzice,43.7474
2814102,gm.w Purda,43.7264
2011052,gm.w Kuźnica,43.7018
1811011,Mielec,43.6954
0208143,gm.m-w. Szczytna,43.6882
1009062,gm.w Siemkowice,43.6881
1429042,gm.w Jabłonna Lacka,43.68
0617033,gm.m-w. Piaski,43.6706
0203052,gm.w Pęcław,43.6652
2214032,gm.w Morzeszczyn,43.6558
2415062,gm.w Gorzyce,43.6547
0606072,gm.w Łopiennik Górny,43.6539
2814063,gm.m-w. Jeziorany,43.639
1606052,gm.w Wilków,43.6309
1413052,gm.w Strzegowo,43.6278
0619072,gm.w Wola Uhruska,43.6206
2811032,gm.w Kozłowo,43.6192
2206082,gm.w Stara Kiszewa,43.6127
3208052,gm.w Rymań,43.5707
0807032,gm.w Słońsk,43.5693
2215092,gm.w Szemud,43.5607
1429032,gm.w Ceranów,43.556
1434062,gm.w Jadów,43.549
0408073,gm.m-w. Skępe,43.5475
2604153,gm.m-w. Pierzchnica,43.5289
1415102,gm.w Rzekuń,43.5191
2802022,gm.w Braniewo,43.5057
3020042,gm.w Gizałki,43.4981
1861011,Krosno,43.4964
1427022,gm.w Gozdowo,43.4856
3209073,gm.m-w. Sianów,43.4811
2212053,gm.m-w. Kępice,43.4403
1016082,gm.w Rzeczyca,43.4368
1805011,Jasło,43.4312
2813032,gm.w Kowale Oleckie,43.4219
2415082,gm.w Marklowice,43.4189
0604042,gm.w Hrubieszów,43.4167
2013093,gm.m-w. Szepietowo,43.4064
2404142,gm.w Przyrów,43.4038
1015042,gm.w Kowiesy,43.4028
0210062,gm.w Platerówka,43.4009
2201082,gm.w Studzienice,43.4002
1013023,gm.m-w. Biała Rawska,43.3846
1420032,gm.w Baboszewo,43.3843
2603053,gm.m-w. Skalbmierz,43.3761
1404043,gm.m-w. Sanniki,43.3691
0612053,gm.m-w. Opole Lubelskie,43.3687
0618063,gm.m-w. Łaszczów,43.3643
2604012,gm.w Bieliny,43.3626
1416052,gm.w Małkinia Górna,43.357
0604082,gm.w Werbkowice,43.3505
1014093,gm.m-w. Warta,43.3413
1018032,gm.w Galewice,43.3399
3004042,gm.w Pępowo,43.3311
1012122,gm.w Radomsko,43.3105
2813043,gm.m-w. Olecko,43.3074
3010062,gm.w Krzymów,43.3039
1015032,gm.w Godzianów,43.3021
0612032,gm.w Karczmiska,43.2841
0211032,gm.w Rudna,43.2824
2011043,gm.m-w. Krynki,43.2725
1404022,gm.w Gostynin,43.2634
0206052,gm.w Janowice Wielkie,43.2382
1433072,gm.w Sadowne,43.2372
1601043,gm.m-w. Lewin Brzeski,43.2264
2610042,gm.w Skarżysko Kościelne,43.2196
0214053,gm.m-w. Międzybórz,43.2157
1429062,gm.w Repki,43.2135
1209082,gm.w Tokarnia,43.2054
1433053,gm.m-w. Łochów,43.2048
2063011,Suwałki,43.2042
0620072,gm.w Nielisz,43.1966
0211043,gm.m-w. Ścinawa,43.1827
2212072,gm.w Potęgowo,43.1608
0609102,gm.w Niedrzwica Duża,43.1598
3218053,gm.m-w. Węgorzyno,43.1447
1007012,gm.w Białaczów,43.1417
0226043,gm.m-w. Świerzawa,43.1187
2413082,gm.w Tworóg,43.1176
1201032,gm.w Drwinia,43.1013
1216092,gm.w Tarnów,43.0979
0402073,gm.m-w. Jabłonowo Pomorskie,43.0752
1005082,gm.w Łyszkowice,43.0553
1201022,gm.w Bochnia,43.0528
2604142,gm.w Piekoszów,43.0414
3214102,gm.w Stargard,43.034
1012082,gm.w Lgota Wielka,43.0314
0219032,gm.w Dobromierz,43.0311
0614022,gm.w Baranów,43.0287
1009032,gm.w Nowa Brzeźnica,43.0209
0414112,gm.w Warlubie,43.0074
2806062,gm.w Miłki,42.9922
2212022,gm.w Damnica,42.9605
1433042,gm.w Liw,42.9488
1407042,gm.w Grabów nad Pilicą,42.9446
2062011,Łomża,42.9434
1004042,gm.w Grabów,42.9405
1606042,gm.w Świerczów,42.9273
1007072,gm.w Sławno,42.9169
0607011,Kraśnik,42.9018
1609092,gm.w Popielów,42.8661
2405073,gm.m-w. Toszek,42.8587
1201042,gm.w Lipnica Murowana,42.8571
0210042,gm.w Lubań,42.8376
1402062,gm.w Ojrzeń,42.8371
2807032,gm.w Iława,42.8058
2001062,gm.w Płaska,42.7799
1413072,gm.w Szreńsk,42.7764
0408092,gm.w Wielgie,42.7741
3009052,gm.w Grzegorzew,42.7714
1409063,gm.m-w. Solec nad Wisłą,42.7677
3018022,gm.w Doruchów,42.7508
1416112,gm.w Zaręby Kościelne,42.746
1413092,gm.w Wieczfnia Kościelna,42.7427
1403042,gm.w Garwolin,42.6969
0601162,gm.w Terespol,42.6903
3213032,gm.w Darłowo,42.6742
1435032,gm.w Rząśnik,42.6649
1416022,gm.w Andrzejewo,42.6405
1817011,Sanok,42.6201
1816092,gm.w Krasne,42.62
1803011,Dębica,42.6144
3018033,gm.m-w. Grabów nad Prosną,42.6
1605013,gm.m-w. Gogolin,42.58
1433082,gm.w Stoczek,42.5757
1427052,gm.w Sierpc,42.5757
3008052,gm.w Perzów,42.5498
3203013,gm.m-w. Czaplinek,42.5468
2208052,gm.w Wicko,42.5423
1209042,gm.w Pcim,42.5406
0606022,gm.w Fajsławice,42.5368
1403092,gm.w Parysów,42.5296
2817022,gm.w Dźwierzuty,42.519
0617022,gm.w Mełgiew,42.5165
1018052,gm.w Łubnice,42.5156
2203032,gm.w Człuchów,42.4967
1007032,gm.w Mniszków,42.4842
0609142,gm.w Wólka,42.4761
3216062,gm.w Świdwin,42.4556
0615011,Radzyń Podlaski,42.4293
2406052,gm.w Opatów,42.41
2002032,gm.w Dobrzyniewo Duże,42.4057
2411042,gm.w Krzyżanowice,42.405
1434102,gm.w Strachówka,42.4021
1413102,gm.w Wiśniewo,42.398
3009072,gm.w Koło,42.3934
0224022,gm.w Ciepłowody,42.3735
2208032,gm.w Cewice,42.3698
3018052,gm.w Kraszewice,42.3626
2815042,gm.w Łukta,42.3545
1419142,gm.w Staroźreby,42.3539
2809022,gm.w Kiwity,42.3432
1211011,Nowy Targ,42.34
0202073,gm.m-w. Niemcza,42.3397
2213122,gm.w Starogard Gdański,42.3066
0601052,gm.w Janów Podlaski,42.3055
1016062,gm.w Lubochnia,42.2996
0619062,gm.w Włodawa,42.2879
3214082,gm.w Marianowo,42.2791
0216013,gm.m-w. Chocianów,42.2687
2002133,gm.m-w. Wasilków,42.2538
0602011,Biłgoraj,42.2532
3027062,gm.w Przykona,42.2404
1610032,gm.w Lubrza,42.2367
2411033,gm.m-w. Krzanowice,42.2304
1020052,gm.w Głowno,42.2296
0404022,gm.w Chełmno,42.2284
2612043,gm.m-w. Osiek,42.2199
0812023,gm.m-w. Szlichtyngowa,42.1996
1435012,gm.w Brańszczyk,42.1948
2207043,gm.m-w. Prabuty,42.1911
2417042,gm.w Jeleśnia,42.1877
1605053,gm.m-w. Zdzieszowice,42.1694
1420052,gm.w Dzierzążnia,42.164
3210033,gm.m-w. Dębno,42.1564
2011102,gm.w Szudziałowo,42.1408
2215052,gm.w Gniewino,42.1406
2611022,gm.w Brody,42.1375
2002052,gm.w Juchnowiec Kościelny,42.1214
0605053,gm.m-w. Janów Lubelski,42.1211
1603052,gm.w Polska Cerekiew,42.1132
2607043,gm.m-w. Ćmielów,42.106
2003021,Brańsk,42.0953
2205052,gm.w Somonino,42.0831
2605022,gm.w Gowarczów,42.0799
1808011,Leżajsk,42.0758
2001011,Augustów,42.0724
0603022,gm.w Białopole,42.0663
2205072,gm.w Sulęczyno,42.0584
0620153,gm.m-w. Zwierzyniec,42.0518
3215023,gm.m-w. Barwice,42.048
1401042,gm.w Stara Błotnica,42.0476
1609052,gm.w Łubniany,42.0205
2213042,gm.w Bobowo,42.0131
2815032,gm.w Grunwald,42.005
2606082,gm.w Wojciechowice,42.001
1412082,gm.w Jakubów,41.9949
2604162,gm.w Raków,41.9913
0224073,gm.m-w. Złoty Stok,41.9728
2808032,gm.w Kętrzyn,41.9716
1419053,gm.m-w. Drobin,41.9665
2610022,gm.w Bliżyn,41.9637
0225072,gm.w Zgorzelec,41.96
1013052,gm.w Regnów,41.9461
1607022,gm.w Kamiennik,41.9431
0209022,gm.w Chojnów,41.9355
1415112,gm.w Troszyn,41.9259
1007052,gm.w Paradyż,41.9228
0601182,gm.w Wisznice,41.9216
2804022,gm.w Godkowo,41.9214
2814122,gm.w Świątki,41.9193
3201043,gm.m-w. Tychowo,41.9172
1430053,gm.m-w. Szydłowiec,41.9022
1609032,gm.w Dobrzeń Wielki,41.8986
2807043,gm.m-w. Kisielice,41.8953
0603072,gm.w Leśniowice,41.8736
1409052,gm.w Sienno,41.8447
2011013,gm.m-w. Dąbrowa Białostocka,41.839
1013062,gm.w Sadkowice,41.829
1436022,gm.w Policzna,41.8158
2202023,gm.m-w. Brusy,41.7857
0601082,gm.w Leśna Podlaska,41.7805
1413082,gm.w Szydłowo,41.7677
2403042,gm.w Brenna,41.7656
2603012,gm.w Bejsce,41.7629
2013042,gm.w Klukowo,41.7626
0810062,gm.w Niegosławice,41.7185
3210022,gm.w Boleszkowice,41.7077
0618032,gm.w Jarczów,41.6742
2213062,gm.w Lubichowo,41.6704
0408082,gm.w Tłuchowo,41.6667
2213072,gm.w Osieczna,41.6349
1607033,gm.m-w. Korfantów,41.6252
1009082,gm.w Sulmierzyce,41.6195
2005011,Hajnówka,41.5889
0601142,gm.w Sławatycze,41.582
1604043,gm.m-w. Wołczyn,41.556
2808043,gm.m-w. Korsze,41.5514
1609083,gm.m-w. Ozimek,41.5291
2201032,gm.w Czarna Dąbrówka,41.5237
2213052,gm.w Kaliska,41.5011
0208103,gm.m-w. Międzylesie,41.4946
0619022,gm.w Hanna,41.4547
2013023,gm.m-w. Ciechanowiec,41.4528
1609112,gm.w Tarnów Opolski,41.4452
0609162,gm.w Zakrzew,41.4446
1425062,gm.w Jedlnia-Letnisko,41.3989
0804032,gm.w Kolsko,41.397
2817062,gm.w Szczytno,41.3845
1002032,gm.w Dąbrowice,41.3811
1019042,gm.w Zduńska Wola,41.3768
0208123,gm.m-w. Radków,41.347
2014011,Zambrów,41.3394
1602013,gm.m-w. Baborów,41.332
2606022,gm.w Iwaniska,41.329
1601052,gm.w Lubsza,41.3027
2809032,gm.w Lidzbark Warmiński,41.2989
0604062,gm.w Trzeszczany,41.2921
1609042,gm.w Komprachcice,41.2907
0610033,gm.m-w. Łęczna,41.2746
0620032,gm.w Komarów-Osada,41.2705
1402052,gm.w Grudusk,41.2447
1436053,gm.m-w. Zwoleń,41.2379
2607062,gm.w Waśniów,41.2356
0201052,gm.w Osiecznica,41.2184
3009082,gm.w Kościelec,41.2047
2815052,gm.w Małdyty,41.203
0620043,gm.m-w. Krasnobród,41.1991
0216022,gm.w Gaworzyce,41.1973
2009042,gm.w Puńsk,41.1935
2003011,Bielsk Podlaski,41.1875
2411062,gm.w Nędza,41.1765
1422032,gm.w Czernice Borowe,41.1733
0225052,gm.w Sulików,41.1277
1009072,gm.w Strzelce Wielkie,41.0793
3027042,gm.w Kawęczyn,41.0642
1404052,gm.w Szczawin Kościelny,41.0622
1215052,gm.w Jordanów,41.0498
2201102,gm.w Tuchomie,41.0482
3201033,gm.m-w. Karlino,41.0316
2806102,gm.w Wydminy,41.0298
1606032,gm.w Pokój,41.0187
1205092,gm.w Sękowa,41.0168
1611043,gm.m-w. Leśnica,40.9997
1216112,gm.w Wierzchosławice,40.9895
3031072,gm.w Zakrzewo,40.9836
0620142,gm.w Zamość,40.9831
0601092,gm.w Łomazy,40.9799
0212023,gm.m-w. Lubomierz,40.9746
0214042,gm.w Dziadowa Kłoda,40.9743
0606062,gm.w Kraśniczyn,40.946
1427032,gm.w Mochowo,40.9373
3204033,gm.m-w. Maszewo,40.9215
1211123,gm.m-w. Rabka-Zdrój,40.9136
2201042,gm.w Kołczygłowy,40.879
0607023,gm.m-w. Annopol,40.8346
1413062,gm.w Stupsk,40.8299
2805011,Ełk,40.8235
0408062,gm.w Lipno,40.8115
1433032,gm.w Korytnica,40.7963
0201032,gm.w Gromadka,40.7937
0201022,gm.w Bolesławiec,40.7858
2213102,gm.w Skórcz,40.7847
3212042,gm.w Przelewice,40.782
1401052,gm.w Stromiec,40.7738
1001072,gm.w Szczerców,40.7723
2205062,gm.w Stężyca,40.771
0601152,gm.w Sosnówka,40.7609
2205012,gm.w Chmielno,40.752
1403052,gm.w Górzno,40.7503
2002112,gm.w Turośń Kościelna,40.7419
1420102,gm.w Raciąż,40.7277
2215072,gm.w Luzino,40.7238
3004033,gm.m-w. Krobia,40.7184
1016042,gm.w Czerniewice,40.7171
0620022,gm.w Grabowiec,40.704
2002023,gm.m-w. Czarna Białostocka,40.6743
2604073,gm.m-w. Łagów,40.6635
0603132,gm.w Wojsławice,40.662
1201072,gm.w Rzezawa,40.6387
3027082,gm.w Turek,40.6225
0606042,gm.w Izbica,40.6079
0606112,gm.w Żółkiewka,40.5941
1425112,gm.w Wierzbica,40.5912
1435022,gm.w Długosiodło,40.5896
1611012,gm.w Izbicko,40.5875
2207032,gm.w Kwidzyn,40.5772
2817043,gm.m-w. Pasym,40.5742
1215042,gm.w Bystra-Sidzina,40.5656
1416102,gm.w Wąsewo,40.5616
0202033,gm.m-w. Pieszyce,40.5559
0602123,gm.m-w. Tarnogród,40.5532
1209092,gm.w Wiśniowa,40.5365
0618102,gm.w Telatyn,40.5034
3007062,gm.w Lisków,40.4573
1211042,gm.w Czorsztyn,40.4489
3009022,gm.w Babiak,40.4367
1216042,gm.w Pleśna,40.4023
3007042,gm.w Godziesze Wielkie,40.3969
1429082,gm.w Sokołów Podlaski,40.3677
1809053,gm.m-w. Narol,40.3634
1818011,Stalowa Wola,40.3401
3027052,gm.w Malanów,40.3391
1809023,gm.m-w. Cieszanów,40.3365
1816122,gm.w Świlcza,40.3276
1816132,gm.w Trzebownisko,40.3261
1410052,gm.w Sarnaki,40.3086
0612042,gm.w Łaziska,40.2715
1816033,gm.m-w. Boguchwała,40.2371
0601112,gm.w Piszczac,40.2185
2813062,gm.w Wieliczki,40.1939
0225063,gm.m-w. Węgliniec,40.1828
1007082,gm.w Żarnów,40.1753
2403031,Wisła,40.1744
2807052,gm.w Lubawa,40.1512
1410023,gm.m-w. Łosice,40.1434
1609012,gm.w Chrząstowice,40.1379
0202041,Piława Górna,40.132
0611112,gm.w Wola Mysłowska,40.0742
2604023,gm.m-w. Bodzentyn,40.0665
1611063,gm.m-w. Ujazd,40.0405
0616032,gm.w Nowodwór,40.0345
0602042,gm.w Biszcza,40.0323
1609062,gm.w Murów,40.0227
1426072,gm.w Przesmyki,40.0191
1804021,Radymno,40.0077
0604072,gm.w Uchanie,39.9955
1420092,gm.w Płońsk,39.9875
2415072,gm.w Lubomia,39.9848
0620012,gm.w Adamów,39.9826
0609042,gm.w Garbów,39.9757
1406042,gm.w Goszczyn,39.9728
1816011,Dynów,39.9637
1013042,gm.w Rawa Mazowiecka,39.9067
1601022,gm.w Skarbimierz,39.8827
2008022,gm.w Jasionówka,39.8746
1012142,gm.w Żytno,39.8622
1021022,gm.w Brzeziny,39.8428
1412102,gm.w Latowicz,39.8215
3009092,gm.w Olszówka,39.8121
3009102,gm.w Osiek Mały,39.8082
1016112,gm.w Żelechlinek,39.7941
0601132,gm.w Rossosz,39.781
0609122,gm.w Strzyżewice,39.7687
2010011,Siemiatycze,39.7678
1216082,gm.w Skrzyszów,39.7669
0618022,gm.w Bełżec,39.7576
2011022,gm.w Janów,39.7551
1001032,gm.w Drużbice,39.751
1415092,gm.w Olszewo-Borki,39.7442
2009022,gm.w Giby,39.7393
0605063,gm.m-w. Modliborzyce,39.7165
0617052,gm.w Trawniki,39.7147
1426053,gm.m-w. Mordy,39.7131
2205032,gm.w Przodkowo,39.6899
2417142,gm.w Ujsoły,39.6732
0613022,gm.w Jabłoń,39.6552
2001072,gm.w Sztabin,39.6517
2811012,gm.w Janowiec Kościelny,39.6492
2604082,gm.w Łopuszno,39.6459
2816033,gm.m-w. Pisz,39.6337
0613052,gm.w Podedwórze,39.6108
1209052,gm.w Raciechowice,39.6075
3214092,gm.w Stara Dąbrowa,39.6018
1423052,gm.w Potworów,39.5804
1818053,gm.m-w. Zaklików,39.5669
1001083,gm.m-w. Zelów,39.5469
1411042,gm.w Krasnosielc,39.5353
2011093,gm.m-w. Suchowola,39.527
0224042,gm.w Stoszowice,39.459
1429053,gm.m-w. Kosów Lacki,39.4576
2003082,gm.w Wyszki,39.4468
2604182,gm.w Strawczyn,39.429
0620112,gm.w Stary Zamość,39.4246
1403143,gm.m-w. Żelechów,39.4239
1202033,gm.m-w. Czchów,39.3927
0612023,gm.m-w. Józefów nad Wisłą,39.3907
3017082,gm.w Sośnie,39.3875
1009052,gm.w Rząśnia,39.3786
1429072,gm.w Sabnie,39.3677
1204042,gm.w Mędrzechów,39.3655
2809042,gm.w Lubomino,39.3438
1014072,gm.w Klonowa,39.3352
2012072,gm.w Suwałki,39.3304
1609132,gm.w Turawa,39.326
0602092,gm.w Łukowa,39.3224
2006011,Kolno,39.3178
1428032,gm.w Iłów,39.3102
1001022,gm.w Bełchatów,39.3056
0202052,gm.w Dzierżoniów,39.2988
1814053,gm.m-w. Kańczuga,39.2593
3201022,gm.w Białogard,39.2417
2604062,gm.w Górno,39.2382
0204032,gm.w Niechlów,39.221
1013032,gm.w Cielądz,39.1899
2605043,gm.m-w. Radoszyce,39.1895
1430022,gm.w Jastrząb,39.1819
1802062,gm.w Nozdrzec,39.181
1216133,gm.m-w. Wojnicz,39.1304
0608022,gm.w Abramów,39.0916
2411053,gm.m-w. Kuźnia Raciborska,39.0688
1403112,gm.w Sobolew,39.0677
1415032,gm.w Czerwin,39.0186
3007053,gm.m-w. Koźminek,39.017
2203052,gm.w Koczała,38.9841
2810032,gm.w Mrągowo,38.9754
3213062,gm.w Sławno,38.9675
0608082,gm.w Michów,38.9671
2407052,gm.w Kochanowice,38.928
1804062,gm.w Pawłosiów,38.9014
1202072,gm.w Szczurowa,38.8859
1809063,gm.m-w. Oleszyce,38.8659
0618053,gm.m-w. Lubycza Królewska,38.8561
0610062,gm.w Spiczyn,38.846
1810042,gm.w Łańcut,38.8359
1409022,gm.w Ciepielów,38.8263
1816143,gm.m-w. Tyczyn,38.8107
0201043,gm.m-w. Nowogrodziec,38.8075
3017072,gm.w Sieroszewice,38.7888
0607032,gm.w Dzierzkowice,38.7701
1437052,gm.w Siemiątkowo,38.7624
0608042,gm.w Jeziorzany,38.7583
2411082,gm.w Rudnik,38.7184
1430012,gm.w Chlewiska,38.7042
0601072,gm.w Konstantynów,38.67
0618092,gm.w Tarnawatka,38.6358
2001043,gm.m-w. Lipsk,38.6345
3012052,gm.w Rozdrażew,38.6333
2611042,gm.w Pawłów,38.6186
1419112,gm.w Słubice,38.6183
2014032,gm.w Rutki,38.6033
1210062,gm.w Korzenna,38.6017
1202012,gm.w Borzęcin,38.5872
1422062,gm.w Krzynowłoga Mała,38.5718
2002063,gm.m-w. Łapy,38.5674
1603022,gm.w Bierawa,38.556
1809032,gm.w Horyniec-Zdrój,38.549
1426102,gm.w Suchożebry,38.5426
0609062,gm.w Jabłonna,38.5346
0620062,gm.w Miączyn,38.5213
1410032,gm.w Olszanka,38.5038
0602142,gm.w Turobin,38.4887
0601192,gm.w Zalesie,38.4879
2606072,gm.w Tarłów,38.4646
1820013,gm.m-w. Baranów Sandomierski,38.4537
2215082,gm.w Łęczyce,38.4482
2012022,gm.w Filipów,38.4378
1403122,gm.w Trojanów,38.4328
1209022,gm.w Lubień,38.4226
0602073,gm.m-w. Józefów,38.4134
1409012,gm.w Chotcza,38.4055
1610023,gm.m-w. Głogówek,38.362
2813052,gm.w Świętajno,38.3513
1436042,gm.w Tczów,38.3463
0618132,gm.w Ulhówek,38.3165
1810072,gm.w Żołynia,38.3118
1416043,gm.m-w. Brok,38.2734
2002103,gm.m-w. Suraż,38.255
2411072,gm.w Pietrowice Wielkie,38.2404
1430042,gm.w Orońsko,38.2328
1425132,gm.w Zakrzew,38.2176
0606052,gm.w Krasnystaw,38.2033
0620102,gm.w Skierbieszów,38.2029
1611033,gm.m-w. Kolonowskie,38.1886
2606012,gm.w Baćkowice,38.1848
2811022,gm.w Janowo,38.1694
0614072,gm.w Markuszów,38.1583
2012062,gm.w Rutka-Tartak,38.1545
1425122,gm.w Wolanów,38.1493
1205042,gm.w Gorlice,38.1275
0620092,gm.w Sitno,38.1158
1811052,gm.w Mielec,38.1034
1205033,gm.m-w. Bobowa,38.0928
1016032,gm.w Budziszewice,38.0842
1813102,gm.w Żurawica,38.0835
0603122,gm.w Wierzbica,38.08
1216013,gm.m-w. Ciężkowice,38.0618
2605072,gm.w Smyków,38.0573
0620052,gm.w Łabunie,38.0291
2810052,gm.w Sorkwity,38.0134
3031082,gm.w Złotów,38.011
0603062,gm.w Kamień,38.0106
0620133,gm.m-w. Szczebrzeszyn,37.9951
1210022,gm.w Chełmiec,37.9847
2011062,gm.w Nowy Dwór,37.9712
0618082,gm.w Susiec,37.9605
1426042,gm.w Mokobody,37.9317
1425052,gm.w Jedlińsk,37.9266
0225043,gm.m-w. Pieńsk,37.9169
2005082,gm.w Narew,37.8987
1611073,gm.m-w. Zawadzkie,37.8815
1001042,gm.w Kleszczów,37.8778
1410012,gm.w Huszlew,37.8777
1608023,gm.m-w. Gorzów Śląski,37.8588
0603142,gm.w Żmudź,37.8557
2003042,gm.w Boćki,37.8385
0619052,gm.w Urszulin,37.8242
2816013,gm.m-w. Biała Piska,37.81
0618042,gm.w Krynice,37.7965
1216153,gm.m-w. Żabno,37.7903
1819012,gm.w Czudec,37.777
2201052,gm.w Lipnica,37.7547
1426062,gm.w Paprotnia,37.7449
0601122,gm.w Rokitno,37.7429
1407022,gm.w Głowaczów,37.7337
1202062,gm.w Iwkowa,37.715
0602053,gm.m-w. Frampol,37.7125
1425103,gm.m-w. Skaryszew,37.71
1603062,gm.w Reńska Wieś,37.6913
2002143,gm.m-w. Zabłudów,37.6838
0607083,gm.m-w. Urzędów,37.6789
2005032,gm.w Czeremcha,37.6632
2009032,gm.w Krasnopol,37.6464
1811022,gm.w Borowa,37.6138
0603153,gm.m-w. Rejowiec,37.6013
0609152,gm.w Wysokie,37.5833
1611022,gm.w Jemielnica,37.5831
1820022,gm.w Gorzyce,37.5785
0612012,gm.w Chodel,37.5306
1608033,gm.m-w. Olesno,37.4887
2012092,gm.w Wiżajny,37.473
0615082,gm.w Wohyń,37.4712
2011032,gm.w Korycin,37.4527
0610042,gm.w Milejów,37.4128
0607042,gm.w Gościeradów,37.4109
1425042,gm.w Jastrzębia,37.4002
0618072,gm.w Rachanie,37.4
1014032,gm.w Brąszewice,37.3712
1425072,gm.w Kowala,37.3666
1210163,gm.m-w. Stary Sącz,37.3051
1813082,gm.w Przemyśl,37.249
0204022,gm.w Jemielno,37.243
3007102,gm.w Szczytniki,37.2323
1807083,gm.m-w. Rymanów,37.23
1814022,gm.w Adamówka,37.2174
2213132,gm.w Zblewo,37.177
3013062,gm.w Wijewo,37.1732
0607072,gm.w Trzydnik Duży,37.1674
1603042,gm.w Pawłowiczki,37.1582
0620122,gm.w Sułów,37.1506
0618112,gm.w Tomaszów Lubelski,37.1502
1201092,gm.w Żegocina,37.1372
2010023,gm.m-w. Drohiczyn,37.1298
1425082,gm.w Pionki,37.1224
1410062,gm.w Stara Kornica,37.1167
1433022,gm.w Grębków,37.1052
0601032,gm.w Biała Podlaska,37.0994
0607092,gm.w Wilkołaz,37.0599
1436012,gm.w Kazanów,37.0503
1804042,gm.w Jarosław,37.0502
1422023,gm.m-w. Chorzele,37.0422
2207022,gm.w Gardeja,37.0097
2405082,gm.w Wielowieś,36.9868
1014062,gm.w Goszczanów,36.981
1210092,gm.w Łącko,36.9504
1216053,gm.m-w. Radłów,36.9117
2003072,gm.w Rudka,36.899
0611032,gm.w Adamów,36.8899
0606102,gm.w Siennica Różana,36.8868
1804032,gm.w Chłopice,36.8573
1811062,gm.w Padew Narodowa,36.8421
1207122,gm.w Tymbark,36.8039
0603092,gm.w Ruda-Huta,36.7903
2604112,gm.w Mniów,36.7734
2010052,gm.w Mielnik,36.7711
1210152,gm.w Rytro,36.7537
1434082,gm.w Poświętne,36.7527
2009052,gm.w Sejny,36.6641
1805092,gm.w Skołyszyn,36.6592
1813062,gm.w Medyka,36.6519
0603113,gm.m-w. Siedliszcze,36.6135
1813032,gm.w Fredropol,36.603
2008013,gm.m-w. Goniądz,36.553
0605072,gm.w Potok Wielki,36.549
2817083,gm.m-w. Wielbark,36.5397
1816102,gm.w Lubenia,36.5361
2012052,gm.w Raczki,36.5017
1425092,gm.w Przytyk,36.4883
1204073,gm.m-w. Szczucin,36.4573
1207042,gm.w Jodłownik,36.4346
1425022,gm.w Gózd,36.4278
1813072,gm.w Orły,36.4251
1210052,gm.w Kamionka Wielka,36.4044
1001052,gm.w Kluki,36.3966
2001052,gm.w Nowinka,36.3698
1210032,gm.w Gródek nad Dunajcem,36.3194
2805032,gm.w Kalinowo,36.2969
0605012,gm.w Batorz,36.2876
1210042,gm.w Grybów,36.2792
1605032,gm.w Strzeleczki,36.2757
2013072,gm.w Nowe Piekuty,36.2421
0616022,gm.w Kłoczew,36.2246
0607062,gm.w Szastarka,36.1765
0603032,gm.w Chełm,36.1415
2212042,gm.w Główczyce,36.1261
1216162,gm.w Szerzyny,36.0928
1816052,gm.w Dynów,36.0591
0602112,gm.w Potok Górny,36.0369
0609022,gm.w Borzechów,36.0339
1805042,gm.w Jasło,35.9956
1415012,gm.w Baranowo,35.9907
1813023,gm.m-w. Dubiecko,35.9558
2215062,gm.w Linia,35.9344
1802013,gm.m-w. Brzozów,35.9131
1216103,gm.m-w. Tuchów,35.9032
2014052,gm.w Zambrów,35.8493
1820043,gm.m-w. Nowa Dęba,35.8301
1816063,gm.m-w. Głogów Małopolski,35.8285
2007022,gm.w Łomża,35.7828
2201012,gm.w Borzytuchom,35.7752
1801083,gm.m-w. Ustrzyki Dolne,35.7737
2008043,gm.m-w. Knyszyn,35.7522
2810042,gm.w Piecki,35.7512
1807062,gm.w Krościenko Wyżne,35.7436
1814032,gm.w Gać,35.7299
2005092,gm.w Narewka,35.7224
0613012,gm.w Dębowa Kłoda,35.7216
2012032,gm.w Jeleniewo,35.7098
2007082,gm.w Wizna,35.707
1207032,gm.w Dobra,35.678
1810022,gm.w Białobrzegi,35.6464
1211082,gm.w Łapsze Niżne,35.6173
1426122,gm.w Wodynie,35.5774
1807072,gm.w Miejsce Piastowe,35.571
1814073,gm.m-w. Sieniawa,35.5454
1821033,gm.m-w. Lesko,35.5177
2207062,gm.w Sadlinki,35.5048
1821052,gm.w Solina,35.4614
1603032,gm.w Cisek,35.4583
2014042,gm.w Szumowo,35.4486
1813042,gm.w Krasiczyn,35.4022
1807043,gm.m-w. Jedlicze,35.3831
2005052,gm.w Dubicze Cerkiewne,35.3803
1809072,gm.w Stary Dzików,35.3398
0615032,gm.w Czemierniki,35.3341
2013102,gm.w Wysokie Mazowieckie,35.2973
2403092,gm.w Istebna,35.2922
0603042,gm.w Dorohusk,35.2634
0607102,gm.w Zakrzówek,35.2124
1207092,gm.w Mszana Dolna,35.1629
0601172,gm.w Tuczna,35.1251
1811073,gm.m-w. Przecław,35.1174
1426012,gm.w Domanice,35.1145
1426032,gm.w Kotuń,35.0766
1818042,gm.w Radomyśl nad Sanem,35.0702
1416072,gm.w Ostrów Mazowiecka,35.0699
1410042,gm.w Platerów,35.0259
1216122,gm.w Wietrzychowice,34.9898
1803042,gm.w Dębica,34.8957
2004011,Grajewo,34.8611
1202042,gm.w Dębno,34.8587
1811042,gm.w Gawłuszowice,34.8273
0611082,gm.w Stoczek Łukowski,34.814
1816023,gm.m-w. Błażowa,34.8039
2805052,gm.w Stare Juchy,34.785
1816042,gm.w Chmielnik,34.7732
2003052,gm.w Brańsk,34.7646
0620082,gm.w Radecznica,34.7072
0608053,gm.m-w. Kamionka,34.6326
0605022,gm.w Chrzanów,34.6034
1205062,gm.w Łużna,34.5896
2007043,gm.m-w. Nowogród,34.5682
1812053,gm.m-w. Nisko,34.5578
1813052,gm.w Krzywcza,34.5345
1436032,gm.w Przyłęk,34.4952
1210102,gm.w Łososina Dolna,34.4828
2407032,gm.w Ciasna,34.4613
1813012,gm.w Bircza,34.4359
1810032,gm.w Czarna,34.4312
1820032,gm.w Grębów,34.4056
1205023,gm.m-w. Biecz,34.3985
0615052,gm.w Komarówka Podlaska,34.3818
2012082,gm.w Szypliszki,34.3718
2002082,gm.w Poświętne,34.3713
1426082,gm.w Siedlce,34.3474
1809042,gm.w Lubaczów,34.3259
2004053,gm.m-w. Szczuczyn,34.3177
1216032,gm.w Lisia Góra,34.3053
1430032,gm.w Mirów,34.2835
2004043,gm.m-w. Rajgród,34.2717
2014022,gm.w Kołaki Kościelne,34.2609
2005073,gm.m-w. Kleszczele,34.2608
1216063,gm.m-w. Ryglice,34.2511
1216072,gm.w Rzepiennik Strzyżewski,34.2222
1610013,gm.m-w. Biała,34.2185
1817042,gm.w Komańcza,34.2141
1422042,gm.w Jednorożec,34.2019
1821012,gm.w Baligród,34.1905
1608013,gm.m-w. Dobrodzień,34.1276
1812012,gm.w Harasiuki,34.0883
2010082,gm.w Perlejewo,34.0792
1204032,gm.w Gręboszów,34.0772
2407072,gm.w Pawonków,34.059
2010042,gm.w Grodzisk,34.0348
0602102,gm.w Obsza,34.0294
1810052,gm.w Markowa,34.0278
1207072,gm.w Limanowa,34.0233
0603102,gm.w Sawin,34.0225
1204023,gm.m-w. Dąbrowa Tarnowska,33.9642
1808022,gm.w Grodzisko Dolne,33.9317
1814062,gm.w Przeworsk,33.8832
2010072,gm.w Nurzec-Stacja,33.8666
0611072,gm.w Stanin,33.8323
1817073,gm.m-w. Zagórz,33.8204
1216143,gm.m-w. Zakliczyn,33.8146
1415083,gm.m-w. Myszyniec,33.7726
1808032,gm.w Kuryłówka,33.7193
1605042,gm.w Walce,33.7179
0610052,gm.w Puchaczów,33.6957
1207052,gm.w Kamienica,33.6928
1805053,gm.m-w. Kołaczyce,33.6659
1817082,gm.w Zarszyn,33.658
0610012,gm.w Cyców,33.6464
2006022,gm.w Grabowo,33.6299
1804052,gm.w Laszki,33.6231
1813092,gm.w Stubno,33.6008
1803072,gm.w Żyraków,33.5995
1805112,gm.w Tarnowiec,33.592
1205072,gm.w Moszczenica,33.5854
1807023,gm.m-w. Dukla,33.5314
0608132,gm.w Uścimów,33.4936
2805022,gm.w Ełk,33.4929
2005042,gm.w Czyże,33.4717
1211102,gm.w Ochotnica Dolna,33.4588
0607052,gm.w Kraśnik,33.4391
3007022,gm.w Brzeziny,33.3391
1819043,gm.m-w. Strzyżów,33.2781
2010032,gm.w Dziadkowice,33.2589
1210142,gm.w Podegrodzie,33.2462
1202052,gm.w Gnojnik,33.2045
1804112,gm.w Wiązownica,33.1942
2005062,gm.w Hajnówka,33.1936
0613032,gm.w Milanów,33.1722
2003032,gm.w Bielsk Podlaski,33.1641
0613062,gm.w Siemień,33.1611
0608112,gm.w Ostrówek,33.1313
0608103,gm.m-w. Ostrów Lubelski,33.1228
0615022,gm.w Borki,33.1152
1205102,gm.w Uście Gorlickie,33.0523
2008063,gm.m-w. Mońki,33.0382
0615042,gm.w Kąkolewnica,32.9735
0601042,gm.w Drelów,32.878
2006042,gm.w Mały Płock,32.8645
2013082,gm.w Sokoły,32.8403
2003062,gm.w Orla,32.8279
2012012,gm.w Bakałarzewo,32.8049
1818062,gm.w Zaleszany,32.8012
1811032,gm.w Czermin,32.7867
0603082,gm.w Rejowiec Fabryczny,32.7791
0611092,gm.w Trzebieszów,32.7596
1811083,gm.m-w. Radomyśl Wielki,32.7424
2817052,gm.w Rozogi,32.7269
1807033,gm.m-w. Iwonicz-Zdrój,32.7153
1807102,gm.w Jaśliska,32.6267
1426092,gm.w Skórzec,32.6257
1804102,gm.w Roźwienica,32.6136
1802042,gm.w Haczów,32.5872
1415022,gm.w Czarnia,32.5647
1807012,gm.w Chorkówka,32.5329
2001032,gm.w Bargłów Kościelny,32.484
0608032,gm.w Firlej,32.4829
1811102,gm.w Wadowice Górne,32.4761
2008032,gm.w Jaświły,32.4724
1815043,gm.m-w. Sędziszów Małopolski,32.4701
1803032,gm.w Czarna,32.4365
2002123,gm.m-w. Tykocin,32.4307
1803052,gm.w Jodłowa,32.4294
1807092,gm.w Wojaszówka,32.4145
1205052,gm.w Lipinki,32.4118
1807052,gm.w Korczyna,32.3342
1811092,gm.w Tuszów Narodowy,32.2874
2205042,gm.w Sierakowice,32.1644
2007013,gm.m-w. Jedwabne,32.136
0602032,gm.w Biłgoraj,32.1202
1814092,gm.w Zarzecze,32.1037
0611042,gm.w Krzywda,32.0688
0605032,gm.w Dzwola,32.024
1819052,gm.w Wiśniowa,31.9354
2007092,gm.w Zbójna,31.9261
1805032,gm.w Dębowiec,31.8521
1804092,gm.w Rokietnica,31.834
1817052,gm.w Sanok,31.7286
2007072,gm.w Śniadowo,31.6477
0608092,gm.w Niedźwiada,31.6338
2010062,gm.w Milejczyce,31.6099
0615072,gm.w Ulan-Majorat,31.6001
1821042,gm.w Olszanica,31.5649
2008072,gm.w Trzcianne,31.5526
1817022,gm.w Besko,31.4992
0602063,gm.m-w. Goraj,31.3784
2012042,gm.w Przerośl,31.3725
1608072,gm.w Zębowice,31.3106
0615062,gm.w Radzyń Podlaski,31.2709
1210133,gm.m-w. Piwniczna-Zdrój,31.2643
1210082,gm.w Łabowa,31.251
2007052,gm.w Piątnica,31.2488
2008052,gm.w Krypno,31.1869
1815022,gm.w Ostrów,31.1734
1809082,gm.w Wielkie Oczy,31.1358
1801032,gm.w Czarna,31.1186
0602082,gm.w Księżpol,31.104
1808053,gm.m-w. Nowa Sarzyna,31.0345
1210122,gm.w Nawojowa,30.9627
0605042,gm.w Godziszów,30.9619
2001022,gm.w Augustów,30.9552
1211112,gm.w Raba Wyżna,30.9284
0602022,gm.w Aleksandrów,30.9269
1211092,gm.w Nowy Targ,30.9146
0608063,gm.m-w. Kock,30.9143
1415062,gm.w Lelis,30.8793
1216022,gm.w Gromnik,30.8646
1819032,gm.w Niebylec,30.7962
1217042,gm.w Kościelisko,30.7545
1812063,gm.m-w. Rudnik nad Sanem,30.7463
2004062,gm.w Wąsosz,30.6805
0608072,gm.w Lubartów,30.6623
1812073,gm.m-w. Ulanów,30.6428
1207082,gm.w Łukowica,30.6128
1204012,gm.w Bolesław,30.5878
1204052,gm.w Olesno,30.5247
1804082,gm.w Radymno,30.5161
2007032,gm.w Miastkowo,30.5028
1806023,gm.m-w. Kolbuszowa,30.4976
1415052,gm.w Kadzidło,30.4679
1604032,gm.w Lasowice Wielkie,30.4572
1816072,gm.w Hyżne,30.4292
2013062,gm.w Kulesze Kościelne,30.3238
1416082,gm.w Stary Lubotyń,30.2514
1207112,gm.w Słopnice,30.1981
1812042,gm.w Krzeszów,30.1798
1207062,gm.w Laskowa,30.0915
0601102,gm.w Międzyrzec Podlaski,30.0882
1211132,gm.w Spytkowice,30.0476
1803063,gm.m-w. Pilzno,30.0115
2805042,gm.w Prostki,29.9376
2002152,gm.w Zawady,29.933
1815012,gm.w Iwierzyce,29.8384
1207102,gm.w Niedźwiedź,29.8008
2006032,gm.w Kolno,29.7717
0611062,gm.w Serokomla,29.7394
2007062,gm.w Przytuły,29.7232
1808042,gm.w Leżajsk,29.6307
1426132,gm.w Zbuczyn,29.5534
2006053,gm.m-w. Stawiski,29.5271
1804073,gm.m-w. Pruchnik,29.4904
1810062,gm.w Rakszawa,29.4588
0610022,gm.w Ludwin,29.443
1815033,gm.m-w. Ropczyce,29.3975
1608052,gm.w Radłów,29.2827
1217032,gm.w Bukowina Tatrzańska,29.1416
1814082,gm.w Tryńcza,29.1245
1805072,gm.w Nowy Żmigród,28.9936
1204062,gm.w Radgoszcz,28.6462
1805062,gm.w Krempna,28.5173
0602132,gm.w Tereszpol,28.5088
0611102,gm.w Wojcieszków,28.471
1817062,gm.w Tyrawa Wołoska,28.3401
1415072,gm.w Łyse,28.1655
0611052,gm.w Łuków,28.1528
1802052,gm.w Jasienica Rosielna,28.1166
1426112,gm.w Wiśniew,28.1088
2010092,gm.w Siemiatycze,28.0949
1812022,gm.w Jarocin,27.9806
1819022,gm.w Frysztak,27.781
1805022,gm.w Brzyska,27.6866
2013052,gm.w Kobylin-Borzymy,27.6366
1818032,gm.w Pysznica,27.5959
1803023,gm.m-w. Brzostek,27.5494
1205082,gm.w Ropa,27.3483
1217052,gm.w Poronin,27.2813
1816113,gm.m-w. Sokołów Małopolski,27.2238
1802032,gm.w Dydnia,27.1113
2004032,gm.w Radziłów,27.0555
1211052,gm.w Jabłonka,27.0285
1806042,gm.w Niwiska,26.7887
1817032,gm.w Bukowsko,26.7619
1806052,gm.w Raniżów,26.761
1815052,gm.w Wielopole Skrzyńskie,26.7359
0608122,gm.w Serniki,26.691
1802022,gm.w Domaradz,26.54
1806032,gm.w Majdan Królewski,26.4601
1211072,gm.w Lipnica Wielka,25.7651
2006062,gm.w Turośl,25.7579
1805082,gm.w Osiek Jasielski,25.182
2004022,gm.w Grajewo,24.9307
1816082,gm.w Kamień,23.861
1211142,gm.w Szaflary,23.5268
1806062,gm.w Dzikowiec,23.3488
1818022,gm.w Bojanów,23.2778
1806012,gm.w Cmolas,23.2194
1812032,gm.w Jeżowe,22.9505
1217022,gm.w Biały Dunajec,22.7742
1211032,gm.w Czarny Dunajec,21.4102
